employeeId,average_score,No_of_Trainings,performance
224,39.33,3,Poor
226,30.33,3,Poor
229,47.33,3,Poor
231,32.0,3,Poor
234,39.0,3,Poor
238,26.0,3,Poor
240,37.67,3,Poor
243,43.0,3,Poor
245,36.0,3,Poor
246,49.67,3,Poor
248,44.67,3,Poor
249,45.0,3,Poor
250,26.67,3,Poor
252,45.0,3,Poor
256,46.0,3,Poor
257,25.0,3,Poor
258,42.67,3,Poor
260,35.33,3,Poor
265,27.67,3,Poor
266,26.0,3,Poor
267,43.0,3,Poor
268,37.0,3,Poor
269,48.33,3,Poor
271,29.0,3,Poor
274,29.0,3,Poor
276,37.0,3,Poor
277,14.0,3,Poor
281,28.67,3,Poor
284,34.0,3,Poor
286,47.67,3,Poor
288,36.67,3,Poor
289,37.33,3,Poor
292,40.67,3,Poor
297,43.33,3,Poor
300,41.33,3,Poor
301,36.67,3,Poor
302,25.33,3,Poor
303,43.67,3,Poor
305,41.33,3,Poor
308,42.0,3,Poor
310,44.33,3,Poor
311,36.67,3,Poor
315,44.0,3,Poor
318,49.67,3,Poor
320,40.33,3,Poor
322,45.0,3,Poor
324,36.0,3,Poor
328,36.33,3,Poor
331,37.33,3,Poor
332,31.67,3,Poor
336,40.0,3,Poor
338,47.0,3,Poor
339,42.33,3,Poor
341,45.0,3,Poor
343,12.33,3,Poor
344,38.0,3,Poor
345,42.67,3,Poor
347,29.33,3,Poor
351,20.67,3,Poor
354,44.67,3,Poor
355,17.33,3,Poor
358,42.67,3,Poor
359,40.33,3,Poor
360,40.33,3,Poor
362,29.0,3,Poor
364,46.33,3,Poor
367,37.0,3,Poor
368,17.33,3,Poor
373,20.67,3,Poor
375,34.0,3,Poor
380,47.67,3,Poor
386,31.33,3,Poor
390,46.67,3,Poor
393,32.0,3,Poor
397,38.0,3,Poor
398,20.33,3,Poor
400,48.67,3,Poor
404,33.33,3,Poor
408,11.0,3,Poor
409,36.0,3,Poor
411,43.0,3,Poor
412,47.33,3,Poor
415,44.67,3,Poor
416,21.33,3,Poor
417,44.33,3,Poor
418,46.67,3,Poor
419,20.0,3,Poor
420,38.33,3,Poor
422,37.0,3,Poor
425,48.33,3,Poor
427,45.0,3,Poor
436,49.0,3,Poor
439,41.67,3,Poor
441,42.67,3,Poor
442,43.0,3,Poor
446,49.0,3,Poor
447,41.0,3,Poor
448,46.0,3,Poor
450,40.0,3,Poor
451,48.67,3,Poor
452,45.0,3,Poor
457,45.0,3,Poor
462,7.67,3,Poor
464,30.33,3,Poor
471,42.33,3,Poor
473,39.33,3,Poor
474,43.0,3,Poor
475,42.67,3,Poor
476,41.67,3,Poor
478,42.33,3,Poor
480,43.0,3,Poor
481,36.67,3,Poor
482,30.0,3,Poor
485,22.67,3,Poor
488,43.67,3,Poor
490,33.33,3,Poor
491,24.33,3,Poor
492,34.33,3,Poor
493,49.67,3,Poor
499,28.33,3,Poor
500,19.67,3,Poor
501,19.0,3,Poor
502,30.67,3,Poor
503,48.0,3,Poor
504,46.33,3,Poor
505,20.33,3,Poor
508,31.67,3,Poor
510,35.67,3,Poor
511,17.67,3,Poor
512,42.0,3,Poor
515,32.67,3,Poor
516,34.67,3,Poor
521,34.67,3,Poor
524,25.67,3,Poor
526,48.33,3,Poor
527,34.67,3,Poor
529,20.33,3,Poor
530,46.67,3,Poor
532,42.0,3,Poor
534,33.67,3,Poor
535,47.33,3,Poor
536,49.67,3,Poor
537,30.67,3,Poor
538,44.67,3,Poor
539,49.67,3,Poor
540,40.33,3,Poor
543,49.67,3,Poor
545,41.0,3,Poor
546,41.0,3,Poor
554,41.0,3,Poor
556,39.33,3,Poor
559,16.67,3,Poor
560,44.0,3,Poor
561,15.0,3,Poor
562,38.0,3,Poor
564,48.0,3,Poor
565,45.0,3,Poor
566,30.67,3,Poor
570,23.0,3,Poor
571,47.0,3,Poor
572,43.67,3,Poor
573,45.67,3,Poor
574,40.0,3,Poor
576,36.67,3,Poor
577,34.33,3,Poor
578,26.33,3,Poor
580,49.0,3,Poor
582,42.33,3,Poor
583,49.67,3,Poor
584,43.67,3,Poor
585,41.33,3,Poor
586,49.0,3,Poor
588,31.67,3,Poor
590,42.33,3,Poor
591,16.67,3,Poor
594,33.33,3,Poor
595,41.0,3,Poor
596,47.33,3,Poor
597,36.33,3,Poor
598,12.67,3,Poor
599,34.67,3,Poor
601,38.67,3,Poor
603,47.67,3,Poor
606,44.33,3,Poor
607,46.67,3,Poor
608,40.67,3,Poor
611,45.33,3,Poor
612,27.0,3,Poor
617,46.0,3,Poor
620,43.33,3,Poor
621,42.33,3,Poor
624,35.33,3,Poor
625,29.0,3,Poor
628,27.33,3,Poor
630,37.33,3,Poor
631,40.67,3,Poor
632,47.33,3,Poor
633,29.67,3,Poor
635,37.67,3,Poor
636,44.67,3,Poor
637,39.33,3,Poor
639,43.33,3,Poor
641,36.0,3,Poor
642,46.67,3,Poor
643,39.0,3,Poor
645,48.33,3,Poor
647,34.67,3,Poor
650,41.0,3,Poor
652,29.33,3,Poor
653,41.0,3,Poor
654,48.33,3,Poor
655,15.67,3,Poor
657,34.0,3,Poor
658,43.67,3,Poor
663,40.67,3,Poor
665,28.0,3,Poor
672,27.67,3,Poor
673,25.0,3,Poor
674,47.0,3,Poor
675,22.67,3,Poor
676,33.67,3,Poor
682,39.0,3,Poor
685,37.0,3,Poor
688,41.67,3,Poor
689,35.33,3,Poor
692,42.67,3,Poor
693,37.67,3,Poor
694,32.33,3,Poor
695,28.33,3,Poor
697,42.0,3,Poor
699,30.67,3,Poor
701,49.67,3,Poor
704,8.0,3,Poor
707,39.67,3,Poor
711,28.0,3,Poor
712,32.67,3,Poor
715,20.33,3,Poor
717,41.33,3,Poor
719,21.0,3,Poor
720,25.0,3,Poor
722,19.0,3,Poor
723,46.67,3,Poor
724,32.0,3,Poor
725,37.0,3,Poor
728,45.0,3,Poor
730,49.33,3,Poor
734,38.33,3,Poor
736,24.33,3,Poor
738,45.0,3,Poor
742,17.33,3,Poor
743,36.67,3,Poor
745,28.0,3,Poor
746,48.67,3,Poor
747,41.67,3,Poor
754,37.33,3,Poor
756,32.33,3,Poor
757,37.0,3,Poor
762,45.0,3,Poor
763,25.67,3,Poor
768,38.33,3,Poor
769,34.33,3,Poor
772,20.0,3,Poor
775,24.0,3,Poor
776,21.33,3,Poor
779,26.67,3,Poor
781,28.67,3,Poor
783,39.67,3,Poor
784,48.67,3,Poor
785,46.0,3,Poor
786,41.0,3,Poor
789,37.67,3,Poor
792,39.33,3,Poor
793,47.67,3,Poor
797,44.0,3,Poor
800,27.0,3,Poor
801,38.67,3,Poor
803,49.67,3,Poor
805,39.67,3,Poor
806,37.67,3,Poor
808,41.0,3,Poor
813,44.33,3,Poor
819,22.33,3,Poor
820,31.0,3,Poor
821,38.67,3,Poor
823,21.0,3,Poor
824,19.67,3,Poor
825,41.33,3,Poor
826,40.33,3,Poor
829,14.67,3,Poor
832,37.67,3,Poor
834,39.33,3,Poor
836,19.67,3,Poor
837,25.67,3,Poor
838,25.33,3,Poor
839,43.0,3,Poor
840,46.33,3,Poor
843,22.0,3,Poor
846,49.0,3,Poor
851,30.33,3,Poor
854,28.33,3,Poor
855,38.0,3,Poor
856,47.0,3,Poor
857,16.0,3,Poor
858,46.0,3,Poor
860,36.0,3,Poor
861,30.33,3,Poor
865,12.0,3,Poor
869,34.33,3,Poor
870,43.33,3,Poor
871,42.33,3,Poor
873,20.33,3,Poor
876,19.0,3,Poor
877,46.33,3,Poor
879,14.33,3,Poor
880,33.67,3,Poor
883,29.0,3,Poor
885,33.67,3,Poor
886,47.0,3,Poor
890,35.33,3,Poor
891,41.67,3,Poor
893,31.0,3,Poor
894,33.0,3,Poor
895,43.33,3,Poor
896,43.33,3,Poor
898,47.67,3,Poor
899,13.33,3,Poor
900,44.0,3,Poor
902,36.0,3,Poor
904,49.67,3,Poor
906,34.33,3,Poor
907,41.33,3,Poor
909,40.33,3,Poor
910,48.67,3,Poor
913,25.33,3,Poor
915,40.67,3,Poor
916,40.33,3,Poor
917,23.67,3,Poor
918,41.0,3,Poor
920,40.0,3,Poor
921,39.33,3,Poor
922,8.33,3,Poor
924,30.0,3,Poor
928,32.33,3,Poor
929,13.0,3,Poor
931,47.67,3,Poor
932,47.0,3,Poor
933,49.0,3,Poor
934,27.0,3,Poor
940,35.33,3,Poor
942,43.33,3,Poor
944,43.67,3,Poor
945,10.33,3,Poor
946,49.33,3,Poor
949,43.67,3,Poor
952,41.0,3,Poor
953,20.0,3,Poor
954,22.67,3,Poor
955,17.67,3,Poor
959,32.67,3,Poor
960,39.67,3,Poor
963,39.67,3,Poor
966,36.67,3,Poor
968,49.33,3,Poor
969,40.33,3,Poor
970,23.67,3,Poor
972,35.0,3,Poor
975,47.33,3,Poor
979,43.33,3,Poor
980,47.0,3,Poor
985,47.33,3,Poor
987,31.0,3,Poor
988,48.33,3,Poor
990,49.33,3,Poor
991,27.0,3,Poor
994,35.33,3,Poor
999,35.67,3,Poor
1001,45.67,3,Poor
1002,46.33,3,Poor
1003,46.67,3,Poor
1004,31.33,3,Poor
1007,49.33,3,Poor
1009,34.33,3,Poor
1011,41.33,3,Poor
1013,38.0,3,Poor
1015,40.33,3,Poor
1016,35.0,3,Poor
1018,41.0,3,Poor
1020,46.33,3,Poor
1021,21.67,3,Poor
1022,45.33,3,Poor
1023,42.67,3,Poor
1024,35.33,3,Poor
1032,37.0,3,Poor
1034,45.67,3,Poor
1036,20.67,3,Poor
1037,34.0,3,Poor
1039,22.0,3,Poor
1041,30.67,3,Poor
1042,28.0,3,Poor
1043,26.67,3,Poor
1044,48.0,3,Poor
1047,37.0,3,Poor
1050,44.0,3,Poor
1051,15.0,3,Poor
1052,36.33,3,Poor
1056,37.0,3,Poor
1058,36.0,3,Poor
1059,43.33,3,Poor
1063,45.67,3,Poor
1064,31.67,3,Poor
1066,42.0,3,Poor
1067,24.67,3,Poor
1068,35.0,3,Poor
1071,35.33,3,Poor
1072,46.33,3,Poor
1075,48.0,3,Poor
1076,34.67,3,Poor
1078,37.67,3,Poor
1079,33.33,3,Poor
1081,23.33,3,Poor
1082,39.67,3,Poor
1083,42.67,3,Poor
1085,30.0,3,Poor
1086,33.0,3,Poor
1087,43.0,3,Poor
1089,29.33,3,Poor
1092,37.67,3,Poor
1093,37.0,3,Poor
1094,47.67,3,Poor
1095,10.67,3,Poor
1096,23.33,3,Poor
1099,36.33,3,Poor
1101,48.0,3,Poor
1112,48.33,3,Poor
1113,25.33,3,Poor
1118,41.33,3,Poor
1119,43.0,3,Poor
1120,14.67,3,Poor
1122,42.67,3,Poor
1123,30.33,3,Poor
1124,32.33,3,Poor
1125,42.33,3,Poor
1126,33.0,3,Poor
1127,38.33,3,Poor
1128,45.0,3,Poor
1130,31.67,3,Poor
1132,28.67,3,Poor
1133,26.33,3,Poor
1134,44.0,3,Poor
1138,46.33,3,Poor
1139,38.33,3,Poor
1140,42.67,3,Poor
1142,37.67,3,Poor
1143,45.67,3,Poor
1144,41.0,3,Poor
1146,36.0,3,Poor
1147,39.33,3,Poor
1148,17.0,3,Poor
1149,32.0,3,Poor
1151,10.67,3,Poor
1152,37.0,3,Poor
1153,37.33,3,Poor
1154,41.67,3,Poor
1155,37.0,3,Poor
1159,45.67,3,Poor
1161,41.67,3,Poor
1162,42.33,3,Poor
1163,47.0,3,Poor
1165,28.0,3,Poor
1167,48.33,3,Poor
1168,47.0,3,Poor
1170,24.33,3,Poor
1171,37.0,3,Poor
1174,41.33,3,Poor
1177,31.67,3,Poor
1180,28.33,3,Poor
1181,49.67,3,Poor
1182,14.33,3,Poor
1187,40.33,3,Poor
1188,31.33,3,Poor
1189,30.0,3,Poor
1190,35.67,3,Poor
1199,12.0,3,Poor
1200,46.33,3,Poor
1203,39.67,3,Poor
1205,41.33,3,Poor
1207,20.33,3,Poor
1211,39.33,3,Poor
1213,45.0,3,Poor
1214,44.33,3,Poor
1216,38.0,3,Poor
1220,48.33,3,Poor
1223,42.33,3,Poor
1225,25.0,3,Poor
1226,44.67,3,Poor
1227,24.0,3,Poor
1230,27.67,3,Poor
1232,36.67,3,Poor
1235,37.67,3,Poor
1237,49.33,3,Poor
1241,44.0,3,Poor
1244,42.33,3,Poor
1248,49.0,3,Poor
1250,38.0,3,Poor
1254,46.0,3,Poor
1255,44.67,3,Poor
1256,33.67,3,Poor
1257,39.33,3,Poor
1258,36.0,3,Poor
1260,42.0,3,Poor
1263,40.0,3,Poor
1264,43.0,3,Poor
1266,46.67,3,Poor
1267,33.67,3,Poor
1269,37.33,3,Poor
1276,45.33,3,Poor
1278,42.0,3,Poor
1280,21.33,3,Poor
1285,23.67,3,Poor
1286,31.33,3,Poor
1287,45.0,3,Poor
1289,36.67,3,Poor
1292,41.67,3,Poor
1294,45.33,3,Poor
1295,35.33,3,Poor
1296,43.67,3,Poor
1299,44.0,3,Poor
1300,40.67,3,Poor
1303,33.0,3,Poor
1304,33.67,3,Poor
1305,35.67,3,Poor
1307,24.33,3,Poor
1309,34.67,3,Poor
1310,40.0,3,Poor
1314,24.67,3,Poor
1315,40.0,3,Poor
1318,18.67,3,Poor
1319,35.33,3,Poor
1320,29.67,3,Poor
1321,49.0,3,Poor
1322,49.67,3,Poor
1323,39.33,3,Poor
1325,40.67,3,Poor
1327,41.33,3,Poor
1329,47.0,3,Poor
1330,48.33,3,Poor
1333,34.67,3,Poor
1334,41.0,3,Poor
1335,40.33,3,Poor
1336,43.0,3,Poor
1340,37.33,3,Poor
1341,8.67,3,Poor
1342,41.33,3,Poor
1343,28.33,3,Poor
1347,34.0,3,Poor
1349,42.33,3,Poor
1353,45.0,3,Poor
1355,41.33,3,Poor
1357,12.33,3,Poor
1361,42.33,3,Poor
1364,27.0,3,Poor
1368,30.0,3,Poor
1369,38.0,3,Poor
1370,30.33,3,Poor
1371,42.67,3,Poor
1372,49.0,3,Poor
1373,15.67,3,Poor
1374,46.67,3,Poor
1375,49.33,3,Poor
1376,39.0,3,Poor
1377,34.67,3,Poor
1380,45.0,3,Poor
1381,39.33,3,Poor
1382,33.67,3,Poor
1384,22.67,3,Poor
1385,34.0,3,Poor
1388,24.67,3,Poor
1390,40.0,3,Poor
1391,29.67,3,Poor
1393,35.67,3,Poor
1395,45.0,3,Poor
1396,40.33,3,Poor
1397,26.33,3,Poor
1398,49.0,3,Poor
1401,36.67,3,Poor
1403,25.0,3,Poor
1404,43.67,3,Poor
1405,31.67,3,Poor
1406,39.0,3,Poor
1409,40.0,3,Poor
1410,39.0,3,Poor
1415,34.33,3,Poor
1419,15.0,3,Poor
1421,39.0,3,Poor
1422,31.33,3,Poor
1423,23.33,3,Poor
1424,49.33,3,Poor
1428,26.67,3,Poor
1430,18.67,3,Poor
1434,32.33,3,Poor
1436,28.33,3,Poor
1437,30.67,3,Poor
1438,49.33,3,Poor
1440,38.0,3,Poor
1441,44.67,3,Poor
1442,46.33,3,Poor
1444,47.33,3,Poor
1445,24.33,3,Poor
1449,34.67,3,Poor
1450,43.67,3,Poor
1451,37.67,3,Poor
1454,43.0,3,Poor
1459,27.67,3,Poor
1464,36.0,3,Poor
1465,30.33,3,Poor
1466,45.33,3,Poor
1468,45.33,3,Poor
1470,46.0,3,Poor
1473,49.67,3,Poor
1474,42.67,3,Poor
1475,18.33,3,Poor
1476,12.67,3,Poor
1477,39.0,3,Poor
1479,44.0,3,Poor
1482,46.33,3,Poor
1483,25.33,3,Poor
1487,39.0,3,Poor
1488,45.33,3,Poor
1489,21.33,3,Poor
1490,36.33,3,Poor
1491,49.0,3,Poor
1492,48.33,3,Poor
1493,41.0,3,Poor
1494,44.67,3,Poor
1497,32.67,3,Poor
1501,42.0,3,Poor
1502,46.67,3,Poor
1504,44.33,3,Poor
1505,39.0,3,Poor
1508,30.33,3,Poor
1509,37.0,3,Poor
1510,39.33,3,Poor
1511,18.67,3,Poor
1512,28.33,3,Poor
1515,45.0,3,Poor
1517,36.0,3,Poor
1518,13.33,3,Poor
1519,47.33,3,Poor
1524,45.67,3,Poor
1531,48.67,3,Poor
1532,47.67,3,Poor
1536,47.67,3,Poor
1537,41.67,3,Poor
1538,32.33,3,Poor
1539,49.33,3,Poor
1543,46.33,3,Poor
1546,41.67,3,Poor
1552,20.67,3,Poor
1553,22.33,3,Poor
1559,34.0,3,Poor
1562,47.67,3,Poor
1563,45.33,3,Poor
1565,10.0,3,Poor
1566,47.67,3,Poor
1567,45.0,3,Poor
1568,28.0,3,Poor
1571,34.0,3,Poor
1573,34.33,3,Poor
1575,32.0,3,Poor
1576,47.67,3,Poor
1577,19.0,3,Poor
1579,49.0,3,Poor
1583,36.67,3,Poor
1587,13.67,3,Poor
1588,34.0,3,Poor
1589,48.33,3,Poor
1590,36.67,3,Poor
1592,35.33,3,Poor
1595,46.33,3,Poor
1598,48.33,3,Poor
1603,22.67,3,Poor
1604,41.33,3,Poor
1605,32.33,3,Poor
1607,47.67,3,Poor
1608,22.33,3,Poor
1612,15.67,3,Poor
1616,21.0,3,Poor
1617,48.67,3,Poor
1618,44.67,3,Poor
1620,49.33,3,Poor
1624,20.67,3,Poor
1626,43.33,3,Poor
1628,33.0,3,Poor
1635,32.0,3,Poor
1636,42.67,3,Poor
1643,41.0,3,Poor
1644,48.33,3,Poor
1645,35.33,3,Poor
1646,48.67,3,Poor
1647,46.0,3,Poor
1653,46.33,3,Poor
1657,45.0,3,Poor
1659,28.67,3,Poor
1660,32.67,3,Poor
1661,40.0,3,Poor
1662,32.67,3,Poor
1665,46.67,3,Poor
1666,42.0,3,Poor
1668,36.0,3,Poor
1670,11.0,3,Poor
1671,31.0,3,Poor
1672,8.33,3,Poor
1677,46.33,3,Poor
1679,47.67,3,Poor
1680,41.33,3,Poor
1682,35.67,3,Poor
1683,21.0,3,Poor
1684,21.33,3,Poor
1685,29.33,3,Poor
1686,22.33,3,Poor
1687,43.33,3,Poor
1688,49.67,3,Poor
1689,45.33,3,Poor
1690,41.0,3,Poor
1691,32.33,3,Poor
1693,40.33,3,Poor
1694,28.0,3,Poor
1695,29.67,3,Poor
1696,38.67,3,Poor
1697,42.33,3,Poor
1699,41.67,3,Poor
1700,24.67,3,Poor
1703,49.67,3,Poor
1704,33.33,3,Poor
1705,37.67,3,Poor
1706,36.33,3,Poor
1707,35.33,3,Poor
1710,47.33,3,Poor
1711,40.0,3,Poor
1713,46.67,3,Poor
1716,29.0,3,Poor
1717,16.67,3,Poor
1718,31.0,3,Poor
1721,33.0,3,Poor
1722,20.0,3,Poor
1723,38.33,3,Poor
1724,21.33,3,Poor
1725,45.67,3,Poor
1726,48.33,3,Poor
1727,38.0,3,Poor
1732,48.0,3,Poor
1733,41.0,3,Poor
1735,34.33,3,Poor
1739,15.0,3,Poor
1740,36.67,3,Poor
1742,28.67,3,Poor
1743,49.67,3,Poor
1744,19.33,3,Poor
1745,29.33,3,Poor
1747,38.33,3,Poor
1748,19.67,3,Poor
1749,41.67,3,Poor
1750,41.67,3,Poor
1752,13.33,3,Poor
1754,11.67,3,Poor
1755,32.0,3,Poor
1757,39.33,3,Poor
1758,44.0,3,Poor
1759,30.33,3,Poor
1760,29.0,3,Poor
1761,30.33,3,Poor
1762,40.0,3,Poor
1764,44.0,3,Poor
1766,49.67,3,Poor
1769,35.0,3,Poor
1770,37.33,3,Poor
1775,44.33,3,Poor
1781,37.67,3,Poor
1782,13.0,3,Poor
1786,31.0,3,Poor
1790,33.0,3,Poor
1791,29.0,3,Poor
1792,20.0,3,Poor
1793,28.0,3,Poor
1795,47.33,3,Poor
1796,27.33,3,Poor
1799,26.67,3,Poor
1800,48.33,3,Poor
1802,24.33,3,Poor
1804,22.67,3,Poor
1805,44.33,3,Poor
1806,15.33,3,Poor
1811,35.33,3,Poor
1812,37.0,3,Poor
1813,34.0,3,Poor
1814,46.67,3,Poor
1817,24.0,3,Poor
1821,36.67,3,Poor
1823,45.67,3,Poor
1824,49.0,3,Poor
1827,28.67,3,Poor
1828,39.0,3,Poor
1830,4.0,3,Poor
1833,41.67,3,Poor
1837,38.0,3,Poor
1842,36.67,3,Poor
1843,22.33,3,Poor
1848,14.67,3,Poor
1849,35.33,3,Poor
1850,23.0,3,Poor
1851,31.0,3,Poor
1853,42.67,3,Poor
1854,43.0,3,Poor
1856,43.67,3,Poor
1857,36.0,3,Poor
1858,42.67,3,Poor
1860,28.67,3,Poor
1863,44.67,3,Poor
1864,41.0,3,Poor
1865,27.67,3,Poor
1869,46.67,3,Poor
1870,34.67,3,Poor
1872,45.67,3,Poor
1874,22.67,3,Poor
1876,38.33,3,Poor
1877,29.67,3,Poor
1878,22.0,3,Poor
1879,39.33,3,Poor
1883,46.33,3,Poor
1884,19.33,3,Poor
1885,48.67,3,Poor
1887,34.0,3,Poor
1888,44.0,3,Poor
1893,27.67,3,Poor
1894,47.33,3,Poor
1897,39.0,3,Poor
1898,31.33,3,Poor
1899,37.0,3,Poor
1901,34.67,3,Poor
1902,35.67,3,Poor
1903,41.67,3,Poor
1904,17.33,3,Poor
1905,36.33,3,Poor
1908,49.0,3,Poor
1912,28.33,3,Poor
1914,48.67,3,Poor
1916,43.33,3,Poor
1917,10.33,3,Poor
1918,32.33,3,Poor
1919,42.33,3,Poor
1920,44.67,3,Poor
1921,22.0,3,Poor
1922,47.0,3,Poor
1923,48.0,3,Poor
1925,23.0,3,Poor
1926,31.33,3,Poor
1929,40.67,3,Poor
1931,25.33,3,Poor
1932,38.0,3,Poor
1935,41.0,3,Poor
1936,19.33,3,Poor
1937,42.33,3,Poor
1940,42.0,3,Poor
1941,42.33,3,Poor
1948,48.33,3,Poor
1950,48.0,3,Poor
1951,22.0,3,Poor
1952,42.0,3,Poor
1953,45.33,3,Poor
1956,49.67,3,Poor
1958,32.67,3,Poor
1961,49.0,3,Poor
1963,30.67,3,Poor
1964,32.33,3,Poor
1965,33.0,3,Poor
1969,42.67,3,Poor
1970,44.67,3,Poor
1971,40.67,3,Poor
1973,42.0,3,Poor
1974,22.0,3,Poor
1977,41.67,3,Poor
1979,39.33,3,Poor
1980,24.67,3,Poor
1981,45.0,3,Poor
1982,45.33,3,Poor
1983,36.0,3,Poor
1986,26.33,3,Poor
1988,33.67,3,Poor
1992,41.67,3,Poor
1993,20.67,3,Poor
1995,46.67,3,Poor
1998,29.67,3,Poor
1999,32.67,3,Poor
2000,35.0,3,Poor
2001,47.33,3,Poor
2002,45.67,3,Poor
2003,9.0,3,Poor
2004,42.33,3,Poor
2006,5.67,3,Poor
2007,37.0,3,Poor
2009,47.0,3,Poor
2013,32.67,3,Poor
2014,31.67,3,Poor
2015,49.67,3,Poor
2016,43.0,3,Poor
2017,13.33,3,Poor
2019,34.0,3,Poor
2020,15.67,3,Poor
2021,43.33,3,Poor
2022,24.33,3,Poor
2023,34.33,3,Poor
2025,23.33,3,Poor
2026,35.33,3,Poor
2028,38.67,3,Poor
2029,37.0,3,Poor
2030,38.67,3,Poor
2031,45.0,3,Poor
2032,17.67,3,Poor
2034,43.0,3,Poor
2035,28.0,3,Poor
2037,46.33,3,Poor
2038,44.33,3,Poor
2039,19.33,3,Poor
2041,16.67,3,Poor
2047,49.33,3,Poor
2051,47.67,3,Poor
2053,28.0,3,Poor
2054,26.67,3,Poor
2055,29.67,3,Poor
2057,44.33,3,Poor
2062,43.0,3,Poor
2071,39.67,3,Poor
2072,46.67,3,Poor
2073,39.33,3,Poor
2075,42.33,3,Poor
2076,45.33,3,Poor
2082,45.67,3,Poor
2084,48.0,3,Poor
2086,32.33,3,Poor
2087,48.0,3,Poor
2089,36.67,3,Poor
2090,44.33,3,Poor
2091,11.33,3,Poor
2093,42.67,3,Poor
2094,45.0,3,Poor
2097,38.67,3,Poor
2099,26.67,3,Poor
2100,47.0,3,Poor
2102,44.67,3,Poor
2103,40.33,3,Poor
2105,35.33,3,Poor
2106,29.67,3,Poor
2107,46.0,3,Poor
2108,30.67,3,Poor
2112,42.0,3,Poor
2113,39.67,3,Poor
2114,37.0,3,Poor
2115,39.33,3,Poor
2116,26.0,3,Poor
2119,24.67,3,Poor
2120,38.33,3,Poor
2121,46.0,3,Poor
2122,28.67,3,Poor
2123,38.33,3,Poor
2131,40.0,3,Poor
2132,26.33,3,Poor
2133,36.0,3,Poor
2136,28.67,3,Poor
2138,42.0,3,Poor
2139,45.0,3,Poor
2141,32.67,3,Poor
2142,39.33,3,Poor
2145,10.33,3,Poor
2148,11.0,3,Poor
2152,48.67,3,Poor
2154,44.67,3,Poor
2159,37.0,3,Poor
2162,25.33,3,Poor
2163,38.67,3,Poor
2164,33.0,3,Poor
2165,30.33,3,Poor
2167,39.67,3,Poor
2168,37.0,3,Poor
2169,43.0,3,Poor
2171,34.0,3,Poor
2172,21.33,3,Poor
2173,34.67,3,Poor
2174,25.0,3,Poor
2175,49.33,3,Poor
2176,37.0,3,Poor
2177,20.0,3,Poor
2179,26.67,3,Poor
2181,37.67,3,Poor
2182,26.0,3,Poor
2183,30.0,3,Poor
2186,37.67,3,Poor
2187,49.33,3,Poor
2189,49.0,3,Poor
2191,34.33,3,Poor
2193,37.0,3,Poor
2194,46.0,3,Poor
2195,30.0,3,Poor
2198,47.33,3,Poor
2200,34.67,3,Poor
2202,22.67,3,Poor
2203,37.67,3,Poor
2205,36.33,3,Poor
2207,37.0,3,Poor
2208,42.0,3,Poor
2209,27.0,3,Poor
2210,27.33,3,Poor
2212,24.0,3,Poor
2215,33.67,3,Poor
2220,43.67,3,Poor
2221,34.67,3,Poor
2223,12.0,3,Poor
2224,44.67,3,Poor
2225,29.0,3,Poor
2227,44.0,3,Poor
2228,31.33,3,Poor
2230,42.67,3,Poor
2231,40.33,3,Poor
2232,33.0,3,Poor
2233,33.67,3,Poor
2234,30.0,3,Poor
2235,23.67,3,Poor
2236,39.33,3,Poor
2237,48.33,3,Poor
2239,42.67,3,Poor
2244,44.0,3,Poor
2245,39.33,3,Poor
2247,23.0,3,Poor
2254,47.0,3,Poor
2255,6.67,3,Poor
2259,35.33,3,Poor
2261,17.33,3,Poor
2263,27.0,3,Poor
2264,42.0,3,Poor
2267,38.0,3,Poor
2268,45.0,3,Poor
2270,41.67,3,Poor
2273,32.67,3,Poor
2274,42.33,3,Poor
2275,35.0,3,Poor
2276,41.33,3,Poor
2277,46.0,3,Poor
2278,46.33,3,Poor
2280,36.0,3,Poor
2282,33.67,3,Poor
2284,45.33,3,Poor
2288,17.33,3,Poor
2289,21.0,3,Poor
2293,44.0,3,Poor
2294,44.0,3,Poor
2298,46.0,3,Poor
2299,38.0,3,Poor
2301,38.67,3,Poor
2302,37.0,3,Poor
2306,44.67,3,Poor
2307,46.0,3,Poor
2309,43.0,3,Poor
2312,45.33,3,Poor
2320,29.0,3,Poor
2321,36.0,3,Poor
2323,36.0,3,Poor
2324,32.0,3,Poor
2325,45.33,3,Poor
2326,18.67,3,Poor
2328,13.33,3,Poor
2331,17.0,3,Poor
2332,47.33,3,Poor
2333,48.33,3,Poor
2334,34.33,3,Poor
2342,39.33,3,Poor
2343,35.67,3,Poor
2344,40.67,3,Poor
2346,17.67,3,Poor
2351,29.67,3,Poor
2352,49.0,3,Poor
2353,49.33,3,Poor
2355,46.33,3,Poor
2356,41.67,3,Poor
2357,32.67,3,Poor
2358,40.0,3,Poor
2360,35.33,3,Poor
2362,36.0,3,Poor
2364,35.67,3,Poor
2366,49.33,3,Poor
2367,39.0,3,Poor
2368,47.0,3,Poor
2369,32.67,3,Poor
2371,43.0,3,Poor
2374,44.33,3,Poor
2377,25.67,3,Poor
2378,14.67,3,Poor
2379,40.67,3,Poor
2381,45.33,3,Poor
2384,26.67,3,Poor
2386,26.67,3,Poor
2387,31.33,3,Poor
2389,40.67,3,Poor
2390,28.67,3,Poor
2391,46.0,3,Poor
2392,48.0,3,Poor
2393,44.33,3,Poor
2396,43.67,3,Poor
2397,47.0,3,Poor
2399,48.0,3,Poor
2401,13.33,3,Poor
2402,49.0,3,Poor
2403,49.33,3,Poor
2405,39.67,3,Poor
2406,47.0,3,Poor
2414,25.33,3,Poor
2416,44.0,3,Poor
2421,47.67,3,Poor
2422,43.33,3,Poor
2424,30.33,3,Poor
2425,33.33,3,Poor
2430,43.33,3,Poor
2434,34.0,3,Poor
2435,42.67,3,Poor
2436,38.33,3,Poor
2438,46.0,3,Poor
2440,32.0,3,Poor
2452,32.0,3,Poor
2453,34.0,3,Poor
2457,39.0,3,Poor
2458,8.67,3,Poor
2460,40.33,3,Poor
2462,31.0,3,Poor
2464,37.67,3,Poor
2467,18.0,3,Poor
2468,37.0,3,Poor
2470,41.67,3,Poor
2471,43.33,3,Poor
2472,46.0,3,Poor
2476,40.0,3,Poor
2480,40.0,3,Poor
2482,47.67,3,Poor
2484,36.33,3,Poor
2485,48.67,3,Poor
2486,34.67,3,Poor
2487,42.67,3,Poor
2488,33.67,3,Poor
2490,26.0,3,Poor
2493,47.0,3,Poor
2494,43.33,3,Poor
2495,43.67,3,Poor
2496,28.0,3,Poor
2497,26.33,3,Poor
2498,17.67,3,Poor
2499,43.67,3,Poor
2500,27.67,3,Poor
2503,41.33,3,Poor
2506,44.0,3,Poor
2507,41.33,3,Poor
2508,37.0,3,Poor
2509,45.67,3,Poor
2510,19.0,3,Poor
2512,14.67,3,Poor
2514,46.0,3,Poor
2515,18.67,3,Poor
2518,49.67,3,Poor
2519,31.0,3,Poor
2521,34.67,3,Poor
2522,48.67,3,Poor
2527,43.67,3,Poor
2528,34.33,3,Poor
2529,25.33,3,Poor
2530,44.67,3,Poor
2531,37.67,3,Poor
2534,37.67,3,Poor
2535,28.0,3,Poor
2538,40.0,3,Poor
2539,28.67,3,Poor
2541,29.33,3,Poor
2542,39.33,3,Poor
2544,40.33,3,Poor
2548,45.67,3,Poor
2553,43.67,3,Poor
2556,48.33,3,Poor
2561,38.67,3,Poor
2562,40.0,3,Poor
2563,40.33,3,Poor
2565,42.67,3,Poor
2567,44.33,3,Poor
2568,48.33,3,Poor
2569,24.33,3,Poor
2570,32.0,3,Poor
2571,28.33,3,Poor
2572,33.0,3,Poor
2574,30.0,3,Poor
2575,30.67,3,Poor
2576,45.33,3,Poor
2578,37.33,3,Poor
2579,40.33,3,Poor
2582,29.33,3,Poor
2583,33.33,3,Poor
2584,28.33,3,Poor
2585,45.0,3,Poor
2588,33.33,3,Poor
2595,28.0,3,Poor
2596,36.67,3,Poor
2598,36.33,3,Poor
2600,43.33,3,Poor
2601,31.67,3,Poor
2604,13.33,3,Poor
2607,24.33,3,Poor
2609,11.0,3,Poor
2611,45.33,3,Poor
2615,38.0,3,Poor
2617,37.67,3,Poor
2619,31.33,3,Poor
2621,45.33,3,Poor
2622,6.67,3,Poor
2624,38.0,3,Poor
2625,22.67,3,Poor
2626,49.33,3,Poor
2630,48.33,3,Poor
2631,41.67,3,Poor
2633,33.33,3,Poor
2634,41.0,3,Poor
2635,10.0,3,Poor
2638,31.67,3,Poor
2640,38.0,3,Poor
2641,42.0,3,Poor
2642,27.0,3,Poor
2645,38.0,3,Poor
2648,38.33,3,Poor
2649,45.33,3,Poor
2650,45.33,3,Poor
2651,48.0,3,Poor
2654,40.33,3,Poor
2655,41.0,3,Poor
2657,39.33,3,Poor
2658,45.67,3,Poor
2660,30.33,3,Poor
2661,36.33,3,Poor
2662,46.0,3,Poor
2670,32.33,3,Poor
2671,40.33,3,Poor
2675,38.33,3,Poor
2676,46.33,3,Poor
2679,42.33,3,Poor
2682,46.0,3,Poor
2684,49.67,3,Poor
2686,5.67,3,Poor
2687,22.33,3,Poor
2688,40.33,3,Poor
2689,34.0,3,Poor
2690,42.33,3,Poor
2692,18.33,3,Poor
2694,43.33,3,Poor
2696,44.67,3,Poor
2700,35.0,3,Poor
2701,42.33,3,Poor
2703,31.67,3,Poor
2704,48.67,3,Poor
2705,46.67,3,Poor
2709,26.67,3,Poor
2710,49.0,3,Poor
2711,27.67,3,Poor
2713,45.33,3,Poor
2714,27.0,3,Poor
2717,25.33,3,Poor
2718,48.0,3,Poor
2722,11.67,3,Poor
2724,31.0,3,Poor
2726,29.0,3,Poor
2727,38.67,3,Poor
2729,31.67,3,Poor
2731,48.0,3,Poor
2732,20.33,3,Poor
2735,43.33,3,Poor
2738,48.33,3,Poor
2739,35.33,3,Poor
2742,31.67,3,Poor
2748,22.0,3,Poor
2749,38.67,3,Poor
2750,39.33,3,Poor
2751,47.0,3,Poor
2754,47.67,3,Poor
2760,37.33,3,Poor
2762,32.0,3,Poor
2764,26.33,3,Poor
2767,32.33,3,Poor
2768,35.67,3,Poor
2769,44.33,3,Poor
2770,38.67,3,Poor
2775,45.0,3,Poor
2779,49.33,3,Poor
2783,25.67,3,Poor
2785,20.67,3,Poor
2791,45.33,3,Poor
2793,45.0,3,Poor
2794,31.67,3,Poor
2796,45.33,3,Poor
2803,48.33,3,Poor
2807,44.33,3,Poor
2808,46.33,3,Poor
2811,47.0,3,Poor
2812,46.67,3,Poor
2814,48.0,3,Poor
2816,38.0,3,Poor
2821,24.33,3,Poor
2825,41.33,3,Poor
2828,38.33,3,Poor
2831,36.33,3,Poor
2832,47.0,3,Poor
2833,27.0,3,Poor
2835,13.33,3,Poor
2837,31.67,3,Poor
2838,22.67,3,Poor
2840,19.0,3,Poor
2841,36.33,3,Poor
2843,13.67,3,Poor
2844,30.67,3,Poor
2845,23.33,3,Poor
2850,23.33,3,Poor
2852,44.67,3,Poor
2853,22.67,3,Poor
2856,42.0,3,Poor
2861,42.0,3,Poor
2869,19.67,3,Poor
2870,33.0,3,Poor
2871,20.0,3,Poor
2872,45.33,3,Poor
2873,26.0,3,Poor
2877,23.67,3,Poor
2878,48.33,3,Poor
2880,35.0,3,Poor
2884,27.0,3,Poor
2885,32.67,3,Poor
2886,39.33,3,Poor
2887,37.67,3,Poor
2892,38.33,3,Poor
2894,47.0,3,Poor
2895,30.33,3,Poor
2896,43.33,3,Poor
2897,23.33,3,Poor
2899,37.33,3,Poor
2901,37.67,3,Poor
2906,45.33,3,Poor
2909,49.67,3,Poor
2912,29.33,3,Poor
2914,46.33,3,Poor
2915,36.67,3,Poor
2916,44.67,3,Poor
2917,48.0,3,Poor
2918,25.33,3,Poor
2921,16.67,3,Poor
2924,24.33,3,Poor
2928,36.33,3,Poor
2930,43.0,3,Poor
2932,44.33,3,Poor
2933,42.67,3,Poor
2934,33.67,3,Poor
2935,25.67,3,Poor
2939,42.33,3,Poor
2940,45.33,3,Poor
2941,49.67,3,Poor
2942,49.0,3,Poor
2944,23.67,3,Poor
2945,35.67,3,Poor
2946,41.0,3,Poor
2947,34.0,3,Poor
2950,26.67,3,Poor
2951,43.0,3,Poor
2952,45.0,3,Poor
2953,49.67,3,Poor
2957,30.0,3,Poor
2958,23.33,3,Poor
2959,42.67,3,Poor
2960,41.67,3,Poor
2961,25.67,3,Poor
2969,36.33,3,Poor
2971,41.67,3,Poor
2972,40.0,3,Poor
2974,44.0,3,Poor
2977,35.67,3,Poor
2978,41.67,3,Poor
2981,41.33,3,Poor
2983,44.33,3,Poor
2984,42.0,3,Poor
2985,21.67,3,Poor
2986,27.0,3,Poor
2988,39.33,3,Poor
2989,35.67,3,Poor
2991,28.67,3,Poor
2996,45.33,3,Poor
2998,40.33,3,Poor
2999,27.67,3,Poor
3000,46.33,3,Poor
3002,22.67,3,Poor
3003,42.33,3,Poor
3004,8.67,3,Poor
3007,38.0,3,Poor
3010,44.33,3,Poor
3014,36.33,3,Poor
3016,24.0,3,Poor
3017,31.67,3,Poor
3018,33.67,3,Poor
3020,44.67,3,Poor
3022,45.67,3,Poor
3023,22.67,3,Poor
3027,45.33,3,Poor
3030,39.67,3,Poor
3033,16.33,3,Poor
3035,22.67,3,Poor
3036,48.0,3,Poor
3039,18.67,3,Poor
3041,48.0,3,Poor
3042,49.0,3,Poor
3045,43.67,3,Poor
3046,45.33,3,Poor
3049,44.67,3,Poor
3050,47.33,3,Poor
3055,36.67,3,Poor
3057,46.33,3,Poor
3058,43.33,3,Poor
3064,37.67,3,Poor
3066,39.33,3,Poor
3067,35.33,3,Poor
3073,28.67,3,Poor
3074,37.67,3,Poor
3075,47.67,3,Poor
3080,35.33,3,Poor
3081,41.33,3,Poor
3082,39.67,3,Poor
3083,41.67,3,Poor
3084,26.67,3,Poor
3085,47.67,3,Poor
3086,15.33,3,Poor
3087,27.67,3,Poor
3089,21.67,3,Poor
3090,42.67,3,Poor
3091,41.67,3,Poor
3095,42.67,3,Poor
3096,36.67,3,Poor
3097,14.33,3,Poor
3099,36.0,3,Poor
3101,39.33,3,Poor
3105,37.0,3,Poor
3107,35.33,3,Poor
3108,39.0,3,Poor
3110,34.33,3,Poor
3112,23.67,3,Poor
3116,44.67,3,Poor
3117,33.0,3,Poor
3119,22.0,3,Poor
3121,48.0,3,Poor
3124,45.0,3,Poor
3126,13.67,3,Poor
3131,44.67,3,Poor
3132,23.0,3,Poor
3133,23.67,3,Poor
3139,34.33,3,Poor
3141,31.67,3,Poor
3142,47.33,3,Poor
3143,36.33,3,Poor
3144,21.0,3,Poor
3146,45.0,3,Poor
3148,42.67,3,Poor
3149,33.0,3,Poor
3152,27.67,3,Poor
3153,16.67,3,Poor
3156,46.0,3,Poor
3159,22.33,3,Poor
3161,42.33,3,Poor
3163,42.0,3,Poor
3164,41.0,3,Poor
3168,46.33,3,Poor
3169,36.67,3,Poor
3174,45.33,3,Poor
3175,41.33,3,Poor
3177,17.0,3,Poor
3178,49.0,3,Poor
3179,26.33,3,Poor
3181,42.67,3,Poor
3182,42.67,3,Poor
3183,22.0,3,Poor
3184,31.67,3,Poor
3186,49.0,3,Poor
3188,44.33,3,Poor
3189,25.0,3,Poor
3191,37.67,3,Poor
3197,26.0,3,Poor
3199,28.33,3,Poor
3204,45.0,3,Poor
3209,48.0,3,Poor
3210,45.0,3,Poor
3213,18.33,3,Poor
3215,23.67,3,Poor
3219,49.33,3,Poor
3224,46.0,3,Poor
3226,42.33,3,Poor
3232,34.67,3,Poor
3234,42.0,3,Poor
3235,29.0,3,Poor
3236,27.67,3,Poor
3239,40.67,3,Poor
3241,35.33,3,Poor
3244,47.0,3,Poor
3245,47.33,3,Poor
3252,40.67,3,Poor
3253,16.67,3,Poor
3256,16.0,3,Poor
3257,41.0,3,Poor
3259,33.0,3,Poor
3262,29.33,3,Poor
3264,39.33,3,Poor
3269,38.67,3,Poor
3270,39.0,3,Poor
3272,40.33,3,Poor
3273,43.0,3,Poor
3274,47.67,3,Poor
3277,2.33,3,Poor
3279,30.0,3,Poor
3282,49.33,3,Poor
3285,46.0,3,Poor
3286,44.33,3,Poor
3287,24.67,3,Poor
3289,49.0,3,Poor
3291,24.67,3,Poor
3292,39.67,3,Poor
3295,31.33,3,Poor
3296,39.0,3,Poor
3297,37.33,3,Poor
3299,44.67,3,Poor
3302,29.0,3,Poor
3303,22.33,3,Poor
3308,32.67,3,Poor
3311,32.0,3,Poor
3312,49.0,3,Poor
3313,40.33,3,Poor
3315,46.33,3,Poor
3316,15.67,3,Poor
3322,19.0,3,Poor
3324,40.33,3,Poor
3326,33.67,3,Poor
3329,43.67,3,Poor
3330,27.33,3,Poor
3335,49.67,3,Poor
3338,48.33,3,Poor
3339,45.33,3,Poor
3340,43.33,3,Poor
3344,21.0,3,Poor
3348,29.0,3,Poor
3354,30.67,3,Poor
3356,45.33,3,Poor
3358,19.0,3,Poor
3360,41.33,3,Poor
3361,12.33,3,Poor
3364,17.0,3,Poor
3365,41.33,3,Poor
3367,46.0,3,Poor
3368,45.0,3,Poor
3369,43.33,3,Poor
3371,21.0,3,Poor
3373,42.67,3,Poor
3377,48.0,3,Poor
3378,12.67,3,Poor
3380,18.0,3,Poor
3382,47.33,3,Poor
3383,38.0,3,Poor
3385,34.0,3,Poor
3386,48.33,3,Poor
3389,27.0,3,Poor
3390,48.67,3,Poor
3391,44.33,3,Poor
3393,44.0,3,Poor
3394,43.0,3,Poor
3395,20.0,3,Poor
3397,33.0,3,Poor
3398,32.67,3,Poor
3399,47.33,3,Poor
3401,32.67,3,Poor
3403,49.33,3,Poor
3404,23.67,3,Poor
3405,48.33,3,Poor
3409,18.67,3,Poor
3410,39.67,3,Poor
3412,36.0,3,Poor
3419,32.67,3,Poor
3420,17.33,3,Poor
3423,12.67,3,Poor
3426,47.33,3,Poor
3433,41.67,3,Poor
3436,43.67,3,Poor
3437,34.0,3,Poor
3438,26.67,3,Poor
3441,14.0,3,Poor
3444,10.33,3,Poor
3446,47.33,3,Poor
3450,34.67,3,Poor
3453,48.0,3,Poor
3454,37.67,3,Poor
3460,39.0,3,Poor
3462,28.0,3,Poor
3463,49.0,3,Poor
3465,38.67,3,Poor
3467,34.33,3,Poor
3468,42.67,3,Poor
3469,34.67,3,Poor
3470,37.0,3,Poor
3472,10.33,3,Poor
3473,49.0,3,Poor
3474,47.0,3,Poor
3479,40.67,3,Poor
3480,46.33,3,Poor
3481,34.33,3,Poor
3482,33.33,3,Poor
3483,33.33,3,Poor
3486,33.67,3,Poor
3490,41.0,3,Poor
3491,28.67,3,Poor
3494,44.0,3,Poor
3498,30.67,3,Poor
3501,43.33,3,Poor
3502,22.0,3,Poor
3506,27.33,3,Poor
3509,35.33,3,Poor
3510,40.33,3,Poor
3511,42.67,3,Poor
3512,43.33,3,Poor
3513,49.67,3,Poor
3515,38.67,3,Poor
3517,44.0,3,Poor
3520,45.33,3,Poor
3521,24.33,3,Poor
3523,41.0,3,Poor
3524,33.0,3,Poor
3527,30.0,3,Poor
3528,14.0,3,Poor
3535,22.33,3,Poor
3536,46.67,3,Poor
3538,42.0,3,Poor
3539,47.33,3,Poor
3540,31.33,3,Poor
3545,45.67,3,Poor
3546,29.67,3,Poor
3547,37.33,3,Poor
3549,47.67,3,Poor
3552,46.67,3,Poor
3554,25.0,3,Poor
3555,40.0,3,Poor
3558,35.0,3,Poor
3559,18.33,3,Poor
3563,49.67,3,Poor
3565,39.67,3,Poor
3569,47.0,3,Poor
3573,28.0,3,Poor
3578,20.67,3,Poor
3579,34.67,3,Poor
3580,29.67,3,Poor
3582,38.67,3,Poor
3583,39.0,3,Poor
3584,24.0,3,Poor
3585,15.33,3,Poor
3586,29.67,3,Poor
3591,31.0,3,Poor
3592,27.0,3,Poor
3593,31.33,3,Poor
3595,36.0,3,Poor
3598,45.33,3,Poor
3600,44.33,3,Poor
3601,43.0,3,Poor
3602,33.33,3,Poor
3607,38.67,3,Poor
3608,20.0,3,Poor
3612,40.67,3,Poor
3614,30.67,3,Poor
3615,33.67,3,Poor
3616,32.0,3,Poor
3617,34.67,3,Poor
3618,32.0,3,Poor
3621,36.33,3,Poor
3623,47.67,3,Poor
3624,33.33,3,Poor
3625,32.67,3,Poor
3626,45.33,3,Poor
3629,49.0,3,Poor
3630,48.67,3,Poor
3634,43.33,3,Poor
3635,29.0,3,Poor
3638,17.33,3,Poor
3641,25.67,3,Poor
3645,46.33,3,Poor
3646,39.0,3,Poor
3650,32.67,3,Poor
3651,15.33,3,Poor
3652,46.33,3,Poor
3653,44.67,3,Poor
3655,43.33,3,Poor
3659,38.67,3,Poor
3660,25.67,3,Poor
3661,44.67,3,Poor
3662,40.0,3,Poor
3663,26.33,3,Poor
3667,46.33,3,Poor
3668,44.67,3,Poor
3669,40.67,3,Poor
3674,44.67,3,Poor
3677,26.33,3,Poor
3680,44.67,3,Poor
3682,47.67,3,Poor
3684,31.0,3,Poor
3686,28.67,3,Poor
3691,44.0,3,Poor
3693,46.67,3,Poor
3694,44.33,3,Poor
3695,44.0,3,Poor
3704,20.0,3,Poor
3707,25.67,3,Poor
3709,24.33,3,Poor
3714,38.33,3,Poor
3715,46.67,3,Poor
3716,49.67,3,Poor
3724,29.67,3,Poor
3726,31.67,3,Poor
3728,26.0,3,Poor
3729,31.0,3,Poor
3730,35.33,3,Poor
3733,43.33,3,Poor
3734,29.33,3,Poor
3735,42.67,3,Poor
3741,35.67,3,Poor
3742,42.67,3,Poor
3744,34.67,3,Poor
3745,26.67,3,Poor
3746,40.33,3,Poor
3747,34.33,3,Poor
3748,33.33,3,Poor
3751,43.0,3,Poor
3754,46.33,3,Poor
3755,33.0,3,Poor
3756,36.33,3,Poor
3758,15.33,3,Poor
3759,38.0,3,Poor
3762,31.0,3,Poor
3763,36.33,3,Poor
3764,47.33,3,Poor
3765,14.0,3,Poor
3770,46.0,3,Poor
3773,23.67,3,Poor
3775,42.33,3,Poor
3778,32.33,3,Poor
3780,43.67,3,Poor
3784,25.67,3,Poor
3786,44.67,3,Poor
3788,32.0,3,Poor
3790,44.67,3,Poor
3792,44.0,3,Poor
3793,43.0,3,Poor
3797,42.0,3,Poor
3801,42.0,3,Poor
3802,27.0,3,Poor
3803,48.0,3,Poor
3804,46.0,3,Poor
3805,33.67,3,Poor
3809,20.67,3,Poor
3811,42.33,3,Poor
3812,49.33,3,Poor
3813,45.67,3,Poor
3815,49.0,3,Poor
3816,37.33,3,Poor
3817,48.0,3,Poor
3819,49.0,3,Poor
3820,49.67,3,Poor
3823,36.33,3,Poor
3826,42.0,3,Poor
3827,36.67,3,Poor
3830,47.67,3,Poor
3831,49.33,3,Poor
3834,44.33,3,Poor
3838,31.67,3,Poor
3841,45.33,3,Poor
3847,46.67,3,Poor
3848,44.33,3,Poor
3849,34.33,3,Poor
3851,49.67,3,Poor
3852,43.0,3,Poor
3853,41.67,3,Poor
3856,33.33,3,Poor
3859,33.33,3,Poor
3860,49.67,3,Poor
3864,36.0,3,Poor
3865,43.0,3,Poor
3867,47.33,3,Poor
3869,45.33,3,Poor
3872,40.33,3,Poor
3874,29.67,3,Poor
3875,44.33,3,Poor
3876,34.0,3,Poor
3877,44.0,3,Poor
3878,24.33,3,Poor
3879,27.67,3,Poor
3880,49.0,3,Poor
3881,29.33,3,Poor
3882,43.0,3,Poor
3884,19.33,3,Poor
3887,39.0,3,Poor
3888,37.33,3,Poor
3890,21.33,3,Poor
3891,13.67,3,Poor
3892,35.33,3,Poor
3894,43.0,3,Poor
3895,48.33,3,Poor
3897,29.67,3,Poor
3898,30.33,3,Poor
3899,39.67,3,Poor
3901,34.67,3,Poor
3904,24.33,3,Poor
3905,38.67,3,Poor
3911,27.67,3,Poor
3912,45.33,3,Poor
3914,24.0,3,Poor
3915,36.33,3,Poor
3917,28.67,3,Poor
3918,43.33,3,Poor
3920,42.67,3,Poor
3922,18.0,3,Poor
3923,43.33,3,Poor
3924,12.67,3,Poor
3926,46.0,3,Poor
3927,41.67,3,Poor
3932,46.0,3,Poor
3933,49.33,3,Poor
3934,41.67,3,Poor
3936,41.0,3,Poor
3938,26.33,3,Poor
3940,43.33,3,Poor
3942,36.33,3,Poor
3949,47.33,3,Poor
3950,45.0,3,Poor
3953,20.33,3,Poor
3957,40.33,3,Poor
3959,37.67,3,Poor
3961,35.0,3,Poor
3963,34.33,3,Poor
3964,35.33,3,Poor
3970,44.33,3,Poor
3971,46.0,3,Poor
3972,43.0,3,Poor
3973,26.0,3,Poor
3975,44.33,3,Poor
3982,48.0,3,Poor
3983,25.33,3,Poor
3987,46.67,3,Poor
3990,42.0,3,Poor
3994,28.67,3,Poor
3996,28.33,3,Poor
3999,39.67,3,Poor
4001,37.67,3,Poor
4005,8.0,3,Poor
4006,33.67,3,Poor
4007,19.67,3,Poor
4008,11.33,3,Poor
4010,43.33,3,Poor
4013,28.67,3,Poor
4014,41.0,3,Poor
4015,29.33,3,Poor
4017,33.0,3,Poor
4021,41.0,3,Poor
4024,41.33,3,Poor
4025,40.33,3,Poor
4026,37.67,3,Poor
4027,38.0,3,Poor
4029,43.33,3,Poor
4030,40.0,3,Poor
4035,38.33,3,Poor
4036,32.67,3,Poor
4037,44.0,3,Poor
4040,27.33,3,Poor
4041,37.67,3,Poor
4042,39.0,3,Poor
4043,40.0,3,Poor
4045,41.33,3,Poor
4048,43.0,3,Poor
4051,22.33,3,Poor
4054,40.0,3,Poor
4059,46.33,3,Poor
4060,25.67,3,Poor
4063,49.0,3,Poor
4064,27.67,3,Poor
4065,45.0,3,Poor
4066,42.0,3,Poor
4068,19.0,3,Poor
4071,46.67,3,Poor
4072,47.67,3,Poor
4073,20.67,3,Poor
4080,32.33,3,Poor
4083,26.33,3,Poor
4084,41.67,3,Poor
4085,31.67,3,Poor
4087,36.67,3,Poor
4089,36.67,3,Poor
4090,47.33,3,Poor
4093,45.33,3,Poor
4094,41.0,3,Poor
4096,43.33,3,Poor
4101,30.0,3,Poor
4102,26.0,3,Poor
4104,14.67,3,Poor
4108,39.33,3,Poor
4110,27.33,3,Poor
4113,46.0,3,Poor
4117,42.67,3,Poor
4118,37.67,3,Poor
4119,38.33,3,Poor
4120,21.67,3,Poor
4127,25.33,3,Poor
4128,32.0,3,Poor
4130,28.33,3,Poor
4132,38.0,3,Poor
4133,27.67,3,Poor
4138,39.33,3,Poor
4139,6.33,3,Poor
4140,42.67,3,Poor
4143,39.0,3,Poor
4144,46.33,3,Poor
4148,49.67,3,Poor
4149,20.67,3,Poor
4151,35.67,3,Poor
4152,42.0,3,Poor
4153,37.33,3,Poor
4157,18.67,3,Poor
4159,30.33,3,Poor
4160,10.67,3,Poor
4161,34.33,3,Poor
4168,44.33,3,Poor
4169,48.0,3,Poor
4171,26.33,3,Poor
4174,36.33,3,Poor
4176,43.0,3,Poor
4178,20.67,3,Poor
4179,40.0,3,Poor
4180,30.67,3,Poor
4184,18.67,3,Poor
4187,43.67,3,Poor
4190,44.33,3,Poor
4191,47.67,3,Poor
4192,48.67,3,Poor
4193,28.0,3,Poor
4194,28.0,3,Poor
4196,47.33,3,Poor
4197,17.33,3,Poor
4200,22.33,3,Poor
4202,30.67,3,Poor
4203,12.33,3,Poor
4204,45.67,3,Poor
4206,20.67,3,Poor
4208,49.67,3,Poor
4209,44.67,3,Poor
4210,25.0,3,Poor
4211,43.33,3,Poor
4213,38.0,3,Poor
4223,37.67,3,Poor
4226,14.0,3,Poor
4228,33.33,3,Poor
4231,13.67,3,Poor
4233,38.0,3,Poor
4234,31.67,3,Poor
4235,41.0,3,Poor
4236,35.33,3,Poor
4237,29.67,3,Poor
4239,28.0,3,Poor
4241,26.33,3,Poor
4243,48.0,3,Poor
4245,42.33,3,Poor
4247,24.0,3,Poor
4248,49.33,3,Poor
4250,38.0,3,Poor
4255,9.33,3,Poor
4256,46.33,3,Poor
4258,37.33,3,Poor
4259,35.67,3,Poor
4260,42.0,3,Poor
4261,42.33,3,Poor
4262,49.33,3,Poor
4263,43.0,3,Poor
4267,39.0,3,Poor
4270,44.0,3,Poor
4272,24.33,3,Poor
4274,49.67,3,Poor
4275,20.0,3,Poor
4276,35.33,3,Poor
4277,48.33,3,Poor
4278,37.67,3,Poor
4279,27.33,3,Poor
4280,46.0,3,Poor
4283,23.0,3,Poor
4284,33.33,3,Poor
4285,32.0,3,Poor
4289,46.0,3,Poor
4290,43.33,3,Poor
4291,42.67,3,Poor
4294,19.0,3,Poor
4296,19.0,3,Poor
4298,18.33,3,Poor
4302,9.0,3,Poor
4303,43.67,3,Poor
4304,42.33,3,Poor
4306,34.67,3,Poor
4308,26.67,3,Poor
4309,32.33,3,Poor
4310,38.67,3,Poor
4311,35.33,3,Poor
4312,43.33,3,Poor
4313,18.67,3,Poor
4316,30.67,3,Poor
4317,42.0,3,Poor
4318,35.33,3,Poor
4322,32.0,3,Poor
4323,25.33,3,Poor
4324,41.33,3,Poor
4325,30.33,3,Poor
4326,22.67,3,Poor
4327,25.67,3,Poor
4330,46.67,3,Poor
4331,28.0,3,Poor
4334,49.33,3,Poor
4335,47.33,3,Poor
4338,49.67,3,Poor
4341,29.67,3,Poor
4343,35.33,3,Poor
4344,25.67,3,Poor
4345,7.33,3,Poor
4346,49.33,3,Poor
4347,23.33,3,Poor
4348,44.33,3,Poor
4351,33.33,3,Poor
4359,32.33,3,Poor
4360,46.33,3,Poor
4361,33.0,3,Poor
4362,42.67,3,Poor
4363,36.33,3,Poor
4364,48.0,3,Poor
4366,41.67,3,Poor
4368,22.67,3,Poor
4369,35.67,3,Poor
4371,44.33,3,Poor
4372,43.33,3,Poor
4373,21.0,3,Poor
4376,44.0,3,Poor
4378,29.67,3,Poor
4380,36.0,3,Poor
4381,7.0,3,Poor
4384,34.67,3,Poor
4387,46.33,3,Poor
4388,31.33,3,Poor
4389,44.67,3,Poor
4391,22.0,3,Poor
4395,22.0,3,Poor
4396,40.33,3,Poor
4398,30.0,3,Poor
4400,37.0,3,Poor
4403,37.0,3,Poor
4404,41.33,3,Poor
4405,41.33,3,Poor
4407,32.67,3,Poor
4408,46.67,3,Poor
4410,35.0,3,Poor
4411,22.67,3,Poor
4412,46.0,3,Poor
4413,38.33,3,Poor
4414,26.33,3,Poor
4415,45.0,3,Poor
4416,44.67,3,Poor
4421,42.33,3,Poor
4422,42.67,3,Poor
4426,33.67,3,Poor
4428,17.0,3,Poor
4429,37.0,3,Poor
4431,37.0,3,Poor
4433,36.33,3,Poor
4435,35.33,3,Poor
4436,27.33,3,Poor
4438,46.33,3,Poor
4442,39.33,3,Poor
4444,41.33,3,Poor
4445,48.67,3,Poor
4447,21.33,3,Poor
4448,47.0,3,Poor
4449,32.0,3,Poor
4450,33.67,3,Poor
4455,39.33,3,Poor
4456,46.67,3,Poor
4457,48.67,3,Poor
4459,41.67,3,Poor
4460,34.0,3,Poor
4462,38.0,3,Poor
4464,38.67,3,Poor
4467,37.67,3,Poor
4471,48.33,3,Poor
4472,39.33,3,Poor
4474,25.0,3,Poor
4475,14.0,3,Poor
4477,42.67,3,Poor
4480,41.0,3,Poor
4482,49.67,3,Poor
4483,38.33,3,Poor
4484,30.33,3,Poor
4485,38.67,3,Poor
4486,29.33,3,Poor
4492,46.0,3,Poor
4493,44.33,3,Poor
4494,12.67,3,Poor
4495,27.33,3,Poor
4497,41.0,3,Poor
4499,43.0,3,Poor
4503,48.67,3,Poor
4506,21.67,3,Poor
4508,42.67,3,Poor
4510,33.0,3,Poor
4511,44.0,3,Poor
4512,40.33,3,Poor
4513,12.67,3,Poor
4514,35.0,3,Poor
4515,34.33,3,Poor
4516,35.33,3,Poor
4518,34.33,3,Poor
4519,37.33,3,Poor
4521,46.33,3,Poor
4523,48.67,3,Poor
4524,45.33,3,Poor
4527,39.67,3,Poor
4529,19.0,3,Poor
4531,34.0,3,Poor
4532,42.0,3,Poor
4533,37.0,3,Poor
4534,45.67,3,Poor
4540,15.33,3,Poor
4543,49.33,3,Poor
4545,16.33,3,Poor
4546,47.67,3,Poor
4547,32.0,3,Poor
4548,38.67,3,Poor
4550,48.33,3,Poor
4553,42.67,3,Poor
4554,14.67,3,Poor
4559,27.0,3,Poor
4560,34.67,3,Poor
4561,46.33,3,Poor
4562,30.33,3,Poor
4566,49.67,3,Poor
4567,40.67,3,Poor
4568,40.67,3,Poor
4569,45.0,3,Poor
4570,49.0,3,Poor
4571,42.67,3,Poor
4572,37.0,3,Poor
4574,47.67,3,Poor
4575,29.67,3,Poor
4578,40.33,3,Poor
4579,40.0,3,Poor
4584,40.33,3,Poor
4585,33.33,3,Poor
4586,33.33,3,Poor
4587,32.0,3,Poor
4590,33.33,3,Poor
4592,42.67,3,Poor
4596,40.67,3,Poor
4597,47.0,3,Poor
4599,48.0,3,Poor
4600,43.67,3,Poor
4604,26.0,3,Poor
4610,47.67,3,Poor
4611,24.0,3,Poor
4612,24.33,3,Poor
4615,45.0,3,Poor
4617,28.67,3,Poor
4621,39.67,3,Poor
4622,29.0,3,Poor
4623,39.0,3,Poor
4625,39.0,3,Poor
4626,37.33,3,Poor
4631,40.33,3,Poor
4632,41.67,3,Poor
4633,34.67,3,Poor
4634,27.33,3,Poor
4636,34.33,3,Poor
4638,46.0,3,Poor
4641,37.0,3,Poor
4642,47.0,3,Poor
4644,31.67,3,Poor
4646,23.67,3,Poor
4647,42.0,3,Poor
4649,25.0,3,Poor
4650,34.33,3,Poor
4653,48.0,3,Poor
4655,31.0,3,Poor
4658,37.33,3,Poor
4659,44.33,3,Poor
4660,48.67,3,Poor
4661,48.0,3,Poor
4662,25.67,3,Poor
4663,15.33,3,Poor
4665,47.0,3,Poor
4666,24.0,3,Poor
4667,47.67,3,Poor
4668,49.67,3,Poor
4669,23.67,3,Poor
4671,15.0,3,Poor
4672,31.67,3,Poor
4675,47.0,3,Poor
4676,34.67,3,Poor
4677,43.0,3,Poor
4678,47.67,3,Poor
4679,49.67,3,Poor
4681,20.67,3,Poor
4683,22.67,3,Poor
4684,42.67,3,Poor
4685,45.0,3,Poor
4688,45.67,3,Poor
4689,19.33,3,Poor
4691,46.33,3,Poor
4694,17.0,3,Poor
4698,31.67,3,Poor
4701,37.67,3,Poor
4702,37.67,3,Poor
4704,47.0,3,Poor
4705,44.0,3,Poor
4706,47.33,3,Poor
4709,49.67,3,Poor
4710,31.67,3,Poor
4711,25.67,3,Poor
4712,33.0,3,Poor
4713,43.67,3,Poor
4714,40.0,3,Poor
4715,41.67,3,Poor
4716,37.67,3,Poor
4717,23.0,3,Poor
4722,12.0,3,Poor
4725,28.0,3,Poor
4728,36.67,3,Poor
4732,41.33,3,Poor
4737,39.33,3,Poor
4738,14.33,3,Poor
4739,32.67,3,Poor
4740,28.33,3,Poor
4743,46.67,3,Poor
4744,19.33,3,Poor
4746,40.33,3,Poor
4747,47.67,3,Poor
4748,14.0,3,Poor
4749,35.0,3,Poor
4752,36.67,3,Poor
4753,48.33,3,Poor
4754,28.33,3,Poor
4755,18.67,3,Poor
4757,37.0,3,Poor
4761,46.67,3,Poor
4762,44.0,3,Poor
4764,33.0,3,Poor
4765,39.0,3,Poor
4769,49.33,3,Poor
4773,22.67,3,Poor
4775,31.0,3,Poor
4778,47.0,3,Poor
4779,41.67,3,Poor
4780,35.0,3,Poor
4782,36.33,3,Poor
4783,17.67,3,Poor
4784,45.67,3,Poor
4786,41.0,3,Poor
4788,22.67,3,Poor
4790,40.33,3,Poor
4791,42.33,3,Poor
4793,43.67,3,Poor
4797,49.67,3,Poor
4799,36.67,3,Poor
4800,48.0,3,Poor
4801,41.67,3,Poor
4803,20.67,3,Poor
4804,26.67,3,Poor
4806,36.67,3,Poor
4807,18.0,3,Poor
4808,36.33,3,Poor
4810,14.33,3,Poor
4813,47.67,3,Poor
4816,32.33,3,Poor
4819,30.67,3,Poor
4820,32.33,3,Poor
4823,44.67,3,Poor
4824,45.67,3,Poor
4826,31.33,3,Poor
4828,31.0,3,Poor
4830,39.67,3,Poor
4831,23.0,3,Poor
4833,47.33,3,Poor
4838,44.67,3,Poor
4839,44.0,3,Poor
4840,46.0,3,Poor
4841,30.0,3,Poor
4842,48.33,3,Poor
4847,19.0,3,Poor
4850,34.67,3,Poor
4851,30.0,3,Poor
4853,11.33,3,Poor
4856,41.33,3,Poor
4857,46.67,3,Poor
4863,40.67,3,Poor
4864,25.67,3,Poor
4865,28.0,3,Poor
4866,49.33,3,Poor
4869,27.33,3,Poor
4871,49.67,3,Poor
4874,29.0,3,Poor
4877,39.67,3,Poor
4879,18.33,3,Poor
4880,37.67,3,Poor
4881,46.0,3,Poor
4883,2.67,3,Poor
4885,48.33,3,Poor
4886,34.33,3,Poor
4890,49.67,3,Poor
4895,34.33,3,Poor
4896,38.67,3,Poor
4898,41.33,3,Poor
4899,49.33,3,Poor
4908,20.0,3,Poor
4909,40.0,3,Poor
4912,40.67,3,Poor
4915,44.0,3,Poor
4917,49.0,3,Poor
4918,48.0,3,Poor
4919,27.33,3,Poor
4920,24.67,3,Poor
4921,33.67,3,Poor
4922,38.33,3,Poor
4923,46.67,3,Poor
4924,42.67,3,Poor
4926,38.67,3,Poor
4932,37.0,3,Poor
4934,35.33,3,Poor
4935,49.0,3,Poor
4937,33.67,3,Poor
4939,34.33,3,Poor
4941,32.33,3,Poor
4942,36.67,3,Poor
4944,46.33,3,Poor
4945,45.33,3,Poor
4948,48.0,3,Poor
4949,35.67,3,Poor
4951,13.0,3,Poor
4954,27.67,3,Poor
4956,20.0,3,Poor
4957,40.0,3,Poor
4959,47.33,3,Poor
4960,44.67,3,Poor
4962,45.67,3,Poor
4963,36.67,3,Poor
4966,45.33,3,Poor
4968,35.67,3,Poor
4969,36.67,3,Poor
4973,35.0,3,Poor
4974,48.0,3,Poor
4975,49.67,3,Poor
4977,49.67,3,Poor
4979,37.33,3,Poor
4980,40.33,3,Poor
4981,34.0,3,Poor
4982,48.33,3,Poor
4984,48.33,3,Poor
4985,36.33,3,Poor
4986,37.33,3,Poor
4987,34.0,3,Poor
4988,36.0,3,Poor
4989,48.33,3,Poor
4992,39.0,3,Poor
4993,20.33,3,Poor
4995,49.33,3,Poor
4996,49.67,3,Poor
4997,42.67,3,Poor
4999,9.33,3,Poor
5001,39.0,3,Poor
5003,39.67,3,Poor
5013,40.67,3,Poor
5015,34.0,3,Poor
5017,34.67,3,Poor
5018,42.67,3,Poor
5019,44.33,3,Poor
5021,44.33,3,Poor
5025,47.0,3,Poor
5028,46.67,3,Poor
5031,35.67,3,Poor
5032,29.33,3,Poor
5033,37.0,3,Poor
5037,32.67,3,Poor
5038,34.67,3,Poor
5039,25.33,3,Poor
5040,48.33,3,Poor
5043,48.67,3,Poor
5045,26.67,3,Poor
5047,26.33,3,Poor
5048,42.67,3,Poor
5051,23.33,3,Poor
5055,44.67,3,Poor
5059,36.0,3,Poor
5063,43.67,3,Poor
5064,43.67,3,Poor
5067,40.33,3,Poor
5068,25.33,3,Poor
5069,18.0,3,Poor
5072,12.67,3,Poor
5077,22.0,3,Poor
5079,39.33,3,Poor
5082,39.0,3,Poor
5085,39.67,3,Poor
5087,29.33,3,Poor
5088,31.33,3,Poor
5090,45.0,3,Poor
5093,26.33,3,Poor
5094,11.33,3,Poor
5097,39.33,3,Poor
5100,35.67,3,Poor
5102,41.67,3,Poor
5105,42.67,3,Poor
5106,15.33,3,Poor
5107,40.33,3,Poor
5109,14.0,3,Poor
5111,39.33,3,Poor
5112,33.67,3,Poor
5116,47.0,3,Poor
5117,30.33,3,Poor
5120,35.33,3,Poor
5121,22.33,3,Poor
5126,18.33,3,Poor
5128,33.67,3,Poor
5129,36.67,3,Poor
5130,28.67,3,Poor
5131,33.67,3,Poor
5132,34.0,3,Poor
5133,42.67,3,Poor
5135,22.67,3,Poor
5138,32.0,3,Poor
5140,30.67,3,Poor
5141,47.67,3,Poor
5142,41.0,3,Poor
5144,27.0,3,Poor
5148,41.33,3,Poor
5152,35.0,3,Poor
5155,20.0,3,Poor
5157,34.33,3,Poor
5158,39.0,3,Poor
5160,47.0,3,Poor
5163,41.0,3,Poor
5164,49.33,3,Poor
5166,33.67,3,Poor
5167,49.0,3,Poor
5173,43.33,3,Poor
5174,44.0,3,Poor
5175,26.33,3,Poor
5176,35.0,3,Poor
5177,33.33,3,Poor
5178,41.67,3,Poor
5179,48.33,3,Poor
5180,47.67,3,Poor
5183,14.0,3,Poor
5184,43.33,3,Poor
5186,43.67,3,Poor
5191,22.67,3,Poor
5193,25.0,3,Poor
5197,29.33,3,Poor
5198,27.33,3,Poor
5199,23.67,3,Poor
5200,49.33,3,Poor
5202,40.33,3,Poor
5203,42.33,3,Poor
5206,45.0,3,Poor
5207,41.0,3,Poor
5208,41.0,3,Poor
5210,25.0,3,Poor
5211,47.67,3,Poor
5214,38.0,3,Poor
5215,46.33,3,Poor
5216,29.67,3,Poor
5218,37.67,3,Poor
5219,21.33,3,Poor
5224,22.33,3,Poor
5229,27.33,3,Poor
5231,19.67,3,Poor
5233,40.33,3,Poor
5234,21.0,3,Poor
5236,47.0,3,Poor
5237,20.67,3,Poor
5238,36.67,3,Poor
5244,22.33,3,Poor
5245,48.0,3,Poor
5252,16.0,3,Poor
5253,21.33,3,Poor
5254,21.0,3,Poor
5257,35.33,3,Poor
5258,39.0,3,Poor
5262,46.67,3,Poor
5264,33.33,3,Poor
5266,42.0,3,Poor
5267,33.67,3,Poor
5269,43.0,3,Poor
5275,48.0,3,Poor
5277,45.33,3,Poor
5281,38.67,3,Poor
5283,34.33,3,Poor
5287,47.0,3,Poor
5288,47.0,3,Poor
5289,44.67,3,Poor
5290,41.33,3,Poor
5291,37.0,3,Poor
5292,41.33,3,Poor
5295,27.33,3,Poor
5296,49.0,3,Poor
5298,28.33,3,Poor
5304,34.0,3,Poor
5306,23.33,3,Poor
5307,49.0,3,Poor
5308,38.67,3,Poor
5309,38.0,3,Poor
5310,38.33,3,Poor
5311,36.67,3,Poor
5312,44.33,3,Poor
5314,40.33,3,Poor
5316,23.33,3,Poor
5319,45.33,3,Poor
5320,44.67,3,Poor
5321,49.33,3,Poor
5322,40.33,3,Poor
5324,47.67,3,Poor
5327,43.33,3,Poor
5330,43.33,3,Poor
5331,34.67,3,Poor
5333,49.67,3,Poor
5337,47.67,3,Poor
5339,45.67,3,Poor
5340,23.67,3,Poor
5343,45.0,3,Poor
5344,49.0,3,Poor
5345,46.67,3,Poor
5346,34.0,3,Poor
5347,38.67,3,Poor
5351,33.33,3,Poor
5352,46.0,3,Poor
5354,40.67,3,Poor
5357,47.33,3,Poor
5361,47.0,3,Poor
5364,23.33,3,Poor
5368,44.0,3,Poor
5371,38.33,3,Poor
5372,23.0,3,Poor
5373,41.67,3,Poor
5374,42.0,3,Poor
5375,33.0,3,Poor
5379,38.0,3,Poor
5380,43.33,3,Poor
5381,36.67,3,Poor
5382,48.33,3,Poor
5385,42.67,3,Poor
5389,29.0,3,Poor
5392,49.0,3,Poor
5394,40.67,3,Poor
5395,47.67,3,Poor
5396,38.0,3,Poor
5398,23.0,3,Poor
5399,30.67,3,Poor
5404,46.33,3,Poor
5406,30.33,3,Poor
5408,40.0,3,Poor
5413,42.0,3,Poor
5414,49.33,3,Poor
5419,41.0,3,Poor
5421,23.33,3,Poor
5422,38.33,3,Poor
5423,31.0,3,Poor
5424,34.0,3,Poor
5426,48.67,3,Poor
5428,35.67,3,Poor
5431,37.67,3,Poor
5432,14.0,3,Poor
5433,49.33,3,Poor
5441,44.67,3,Poor
5442,49.67,3,Poor
5443,48.0,3,Poor
5449,46.67,3,Poor
5450,43.33,3,Poor
5454,35.67,3,Poor
5455,39.33,3,Poor
5457,45.0,3,Poor
5458,47.33,3,Poor
5459,36.67,3,Poor
5460,28.0,3,Poor
5462,27.67,3,Poor
5467,29.33,3,Poor
5468,45.67,3,Poor
5470,15.0,3,Poor
5471,49.67,3,Poor
5473,18.33,3,Poor
5474,48.67,3,Poor
5478,33.67,3,Poor
5481,42.67,3,Poor
5483,45.0,3,Poor
5484,42.67,3,Poor
5485,42.0,3,Poor
5486,38.67,3,Poor
5488,38.67,3,Poor
5489,48.0,3,Poor
5490,36.67,3,Poor
5492,44.33,3,Poor
5496,36.33,3,Poor
5509,9.33,3,Poor
5512,46.0,3,Poor
5513,41.0,3,Poor
5515,30.67,3,Poor
5516,30.33,3,Poor
5517,49.33,3,Poor
5519,34.0,3,Poor
5523,36.67,3,Poor
5524,37.33,3,Poor
5525,49.67,3,Poor
5526,45.0,3,Poor
5527,34.67,3,Poor
5529,22.0,3,Poor
5530,40.33,3,Poor
5531,49.0,3,Poor
5532,30.33,3,Poor
5533,25.0,3,Poor
5534,39.0,3,Poor
5536,48.0,3,Poor
5537,29.0,3,Poor
5541,31.33,3,Poor
5542,31.33,3,Poor
5543,49.33,3,Poor
5544,49.67,3,Poor
5548,41.0,3,Poor
5551,46.33,3,Poor
5552,36.67,3,Poor
5560,49.67,3,Poor
5563,37.0,3,Poor
5566,31.67,3,Poor
5567,41.67,3,Poor
5568,21.67,3,Poor
5569,31.0,3,Poor
5571,49.0,3,Poor
5572,47.67,3,Poor
5573,41.0,3,Poor
5577,33.67,3,Poor
5578,25.67,3,Poor
5579,48.67,3,Poor
5581,29.0,3,Poor
5583,33.67,3,Poor
5584,47.0,3,Poor
5586,25.33,3,Poor
5587,38.67,3,Poor
5588,24.33,3,Poor
5590,18.67,3,Poor
5593,40.67,3,Poor
5594,31.67,3,Poor
5595,35.67,3,Poor
5598,31.0,3,Poor
5599,43.67,3,Poor
5602,35.0,3,Poor
5603,20.67,3,Poor
5604,30.67,3,Poor
5607,48.0,3,Poor
5608,18.0,3,Poor
5609,25.67,3,Poor
5610,45.67,3,Poor
5613,49.33,3,Poor
5614,46.33,3,Poor
5616,32.67,3,Poor
5617,9.0,3,Poor
5621,47.0,3,Poor
5622,26.0,3,Poor
5626,25.33,3,Poor
5629,38.0,3,Poor
5633,47.67,3,Poor
5634,39.0,3,Poor
5635,5.67,3,Poor
5638,48.33,3,Poor
5639,43.67,3,Poor
5641,36.0,3,Poor
5642,42.67,3,Poor
5645,42.67,3,Poor
5646,37.67,3,Poor
5648,46.33,3,Poor
5650,35.0,3,Poor
5652,17.33,3,Poor
5654,38.67,3,Poor
5656,38.33,3,Poor
5657,14.0,3,Poor
5659,41.33,3,Poor
5660,40.67,3,Poor
5662,40.0,3,Poor
5664,46.67,3,Poor
5666,21.0,3,Poor
5667,46.67,3,Poor
5668,47.33,3,Poor
5670,49.67,3,Poor
5671,39.0,3,Poor
5672,42.33,3,Poor
5679,47.0,3,Poor
5680,26.67,3,Poor
5690,13.67,3,Poor
5692,41.0,3,Poor
5693,32.33,3,Poor
5694,36.67,3,Poor
5696,30.67,3,Poor
5698,33.67,3,Poor
5699,27.0,3,Poor
5701,47.33,3,Poor
5702,43.0,3,Poor
5703,39.0,3,Poor
5704,46.33,3,Poor
5708,26.0,3,Poor
5709,40.0,3,Poor
5710,40.67,3,Poor
5711,28.67,3,Poor
5712,14.67,3,Poor
5715,31.67,3,Poor
5717,43.0,3,Poor
5718,40.67,3,Poor
5719,41.67,3,Poor
5721,27.0,3,Poor
5725,41.33,3,Poor
5727,43.67,3,Poor
5728,41.0,3,Poor
5729,38.0,3,Poor
5731,32.0,3,Poor
5732,23.67,3,Poor
5733,35.33,3,Poor
5734,42.67,3,Poor
5735,44.67,3,Poor
5736,42.67,3,Poor
5737,47.67,3,Poor
5738,47.33,3,Poor
5739,15.67,3,Poor
5741,41.0,3,Poor
5743,36.0,3,Poor
5744,29.33,3,Poor
5748,42.0,3,Poor
5749,21.0,3,Poor
5750,49.33,3,Poor
5754,42.0,3,Poor
5756,45.67,3,Poor
5758,38.33,3,Poor
5760,39.67,3,Poor
5768,25.67,3,Poor
5770,41.0,3,Poor
5772,49.67,3,Poor
5775,30.67,3,Poor
5781,43.67,3,Poor
5782,30.33,3,Poor
5785,46.33,3,Poor
5787,45.33,3,Poor
5789,40.0,3,Poor
5791,41.67,3,Poor
5793,41.0,3,Poor
5794,43.67,3,Poor
5795,31.67,3,Poor
5797,31.33,3,Poor
5800,43.0,3,Poor
5802,42.0,3,Poor
5803,40.0,3,Poor
5806,34.67,3,Poor
5807,22.33,3,Poor
5809,47.0,3,Poor
5813,39.0,3,Poor
5815,37.33,3,Poor
5817,49.33,3,Poor
5820,43.33,3,Poor
5822,44.67,3,Poor
5824,39.0,3,Poor
5826,25.33,3,Poor
5827,21.0,3,Poor
5828,47.0,3,Poor
5831,38.67,3,Poor
5832,41.0,3,Poor
5838,15.67,3,Poor
5839,22.67,3,Poor
5840,44.67,3,Poor
5843,39.33,3,Poor
5845,29.33,3,Poor
5847,38.67,3,Poor
5848,41.67,3,Poor
5849,35.33,3,Poor
5850,40.33,3,Poor
5851,41.67,3,Poor
5852,44.0,3,Poor
5854,43.67,3,Poor
5861,35.0,3,Poor
5862,42.67,3,Poor
5863,35.0,3,Poor
5864,49.67,3,Poor
5865,42.33,3,Poor
5866,29.33,3,Poor
5869,32.67,3,Poor
5873,47.33,3,Poor
5875,46.33,3,Poor
5876,46.67,3,Poor
5877,15.33,3,Poor
5878,39.67,3,Poor
5879,27.67,3,Poor
5880,23.67,3,Poor
5881,44.33,3,Poor
5883,27.0,3,Poor
5892,38.33,3,Poor
5893,32.0,3,Poor
5895,49.0,3,Poor
5896,44.67,3,Poor
5897,44.67,3,Poor
5900,46.67,3,Poor
5902,27.33,3,Poor
5903,37.33,3,Poor
5905,7.33,3,Poor
5909,24.0,3,Poor
5910,46.0,3,Poor
5912,35.67,3,Poor
5913,20.0,3,Poor
5914,41.67,3,Poor
5916,42.0,3,Poor
5919,42.0,3,Poor
5922,33.0,3,Poor
5924,11.67,3,Poor
5928,39.33,3,Poor
5933,33.0,3,Poor
5935,34.33,3,Poor
5936,37.33,3,Poor
5937,38.0,3,Poor
5938,30.0,3,Poor
5940,32.67,3,Poor
5943,41.33,3,Poor
5944,49.67,3,Poor
5945,40.33,3,Poor
5946,47.33,3,Poor
5948,40.33,3,Poor
5951,35.0,3,Poor
5954,44.33,3,Poor
5956,48.0,3,Poor
5958,32.0,3,Poor
5962,38.33,3,Poor
5966,30.67,3,Poor
5971,28.67,3,Poor
5972,33.33,3,Poor
5974,32.0,3,Poor
5976,25.0,3,Poor
5977,45.33,3,Poor
5978,22.67,3,Poor
5980,26.67,3,Poor
5981,33.67,3,Poor
5982,42.67,3,Poor
5983,48.33,3,Poor
5986,31.0,3,Poor
5987,47.33,3,Poor
5988,26.67,3,Poor
5989,31.67,3,Poor
5991,38.33,3,Poor
5992,46.0,3,Poor
5993,31.33,3,Poor
5994,32.0,3,Poor
5998,42.0,3,Poor
5999,49.0,3,Poor
6000,42.0,3,Poor
6005,46.0,3,Poor
6006,43.67,3,Poor
6007,49.0,3,Poor
6014,34.0,3,Poor
6015,40.67,3,Poor
6021,32.67,3,Poor
6022,49.67,3,Poor
6023,28.67,3,Poor
6029,46.0,3,Poor
6030,48.67,3,Poor
6031,48.33,3,Poor
6032,40.0,3,Poor
6033,42.33,3,Poor
6034,49.0,3,Poor
6035,49.67,3,Poor
6036,27.67,3,Poor
6037,30.33,3,Poor
6038,45.67,3,Poor
6047,22.67,3,Poor
6048,49.67,3,Poor
6050,46.33,3,Poor
6053,44.33,3,Poor
6056,33.67,3,Poor
6058,45.0,3,Poor
6062,49.67,3,Poor
6064,42.67,3,Poor
6066,34.33,3,Poor
6067,30.67,3,Poor
6069,21.67,3,Poor
6071,49.67,3,Poor
6075,40.33,3,Poor
6077,37.0,3,Poor
6078,43.0,3,Poor
6079,49.33,3,Poor
6081,47.33,3,Poor
6082,36.67,3,Poor
6084,48.33,3,Poor
6086,44.0,3,Poor
6089,19.0,3,Poor
6095,33.67,3,Poor
6097,43.67,3,Poor
6101,48.0,3,Poor
6103,43.0,3,Poor
6104,33.0,3,Poor
6106,42.0,3,Poor
6107,34.0,3,Poor
6109,39.33,3,Poor
6111,41.67,3,Poor
6115,14.0,3,Poor
6116,46.0,3,Poor
6120,31.33,3,Poor
6122,34.0,3,Poor
6125,48.67,3,Poor
6126,26.67,3,Poor
6129,43.33,3,Poor
6132,33.0,3,Poor
6134,24.33,3,Poor
6135,33.0,3,Poor
6136,48.67,3,Poor
6142,23.33,3,Poor
6145,40.0,3,Poor
6146,28.67,3,Poor
6149,25.33,3,Poor
6159,47.0,3,Poor
6160,48.67,3,Poor
6164,43.33,3,Poor
6165,35.33,3,Poor
6166,42.67,3,Poor
6167,37.0,3,Poor
6168,41.33,3,Poor
6170,23.67,3,Poor
6171,49.33,3,Poor
6173,44.33,3,Poor
6174,44.33,3,Poor
6176,38.67,3,Poor
6180,24.67,3,Poor
6183,49.33,3,Poor
6185,48.33,3,Poor
6187,35.33,3,Poor
6188,36.0,3,Poor
6192,36.0,3,Poor
6194,24.33,3,Poor
6196,40.0,3,Poor
6200,29.0,3,Poor
6202,27.67,3,Poor
6204,45.0,3,Poor
6205,41.33,3,Poor
6206,45.33,3,Poor
6207,28.33,3,Poor
6208,37.67,3,Poor
6209,15.33,3,Poor
6211,19.0,3,Poor
6214,19.67,3,Poor
6215,39.33,3,Poor
6219,44.67,3,Poor
6220,40.0,3,Poor
6224,40.33,3,Poor
6225,25.33,3,Poor
6228,36.33,3,Poor
6229,31.67,3,Poor
6233,42.33,3,Poor
6234,41.67,3,Poor
6235,37.33,3,Poor
6237,31.67,3,Poor
6238,37.0,3,Poor
6239,18.0,3,Poor
6240,33.0,3,Poor
6242,9.0,3,Poor
6243,35.33,3,Poor
6244,38.0,3,Poor
6248,34.33,3,Poor
6250,35.0,3,Poor
6254,31.0,3,Poor
6256,25.67,3,Poor
6257,46.33,3,Poor
6258,14.0,3,Poor
6259,23.0,3,Poor
6261,49.67,3,Poor
6263,4.33,3,Poor
6264,37.0,3,Poor
6265,23.67,3,Poor
6266,45.33,3,Poor
6267,49.0,3,Poor
6269,39.33,3,Poor
6270,35.33,3,Poor
6271,46.33,3,Poor
6272,42.33,3,Poor
6273,41.0,3,Poor
6274,29.33,3,Poor
6278,37.33,3,Poor
6281,26.67,3,Poor
6284,11.67,3,Poor
6288,36.0,3,Poor
6291,34.0,3,Poor
6293,41.67,3,Poor
6297,26.33,3,Poor
6299,31.0,3,Poor
6300,42.0,3,Poor
6301,43.33,3,Poor
6303,37.0,3,Poor
6304,35.67,3,Poor
6305,20.33,3,Poor
6309,8.0,3,Poor
6310,46.0,3,Poor
6312,34.67,3,Poor
6314,30.33,3,Poor
6321,46.0,3,Poor
6323,37.67,3,Poor
6324,35.33,3,Poor
6326,47.0,3,Poor
6327,32.67,3,Poor
6328,37.67,3,Poor
6329,46.33,3,Poor
6330,20.33,3,Poor
6331,47.67,3,Poor
6333,17.33,3,Poor
6336,33.33,3,Poor
6339,21.0,3,Poor
6344,44.67,3,Poor
6345,34.67,3,Poor
6348,49.67,3,Poor
6349,38.67,3,Poor
6350,4.67,3,Poor
6351,42.67,3,Poor
6353,25.67,3,Poor
6354,28.67,3,Poor
6355,30.33,3,Poor
6360,47.67,3,Poor
6361,16.67,3,Poor
6362,46.33,3,Poor
6363,32.0,3,Poor
6365,44.67,3,Poor
6367,22.33,3,Poor
6370,24.33,3,Poor
6373,32.0,3,Poor
6375,26.67,3,Poor
6378,37.0,3,Poor
6380,26.67,3,Poor
6384,39.33,3,Poor
6385,45.0,3,Poor
6388,43.33,3,Poor
6389,29.33,3,Poor
6392,37.33,3,Poor
6393,36.33,3,Poor
6398,38.67,3,Poor
6401,44.33,3,Poor
6404,35.67,3,Poor
6405,32.67,3,Poor
6408,42.33,3,Poor
6409,41.33,3,Poor
6410,30.0,3,Poor
6412,19.33,3,Poor
6414,47.0,3,Poor
6419,49.67,3,Poor
6421,8.0,3,Poor
6422,21.33,3,Poor
6423,49.0,3,Poor
6428,46.0,3,Poor
6429,36.33,3,Poor
6430,40.0,3,Poor
6435,7.0,3,Poor
6437,40.67,3,Poor
6441,34.67,3,Poor
6442,41.33,3,Poor
6444,28.33,3,Poor
6445,29.67,3,Poor
6446,43.67,3,Poor
6447,34.0,3,Poor
6448,40.67,3,Poor
6449,18.33,3,Poor
6451,30.33,3,Poor
6452,47.0,3,Poor
6453,37.0,3,Poor
6456,40.0,3,Poor
6458,22.67,3,Poor
6459,44.0,3,Poor
6461,43.67,3,Poor
6464,35.67,3,Poor
6465,21.33,3,Poor
6466,38.33,3,Poor
6467,36.33,3,Poor
6468,26.67,3,Poor
6472,11.33,3,Poor
6477,41.67,3,Poor
6479,45.33,3,Poor
6480,21.33,3,Poor
6482,42.33,3,Poor
6483,41.67,3,Poor
6485,45.67,3,Poor
6486,39.0,3,Poor
6487,40.0,3,Poor
6489,18.67,3,Poor
6490,30.0,3,Poor
6491,36.33,3,Poor
6492,44.0,3,Poor
6497,29.33,3,Poor
6499,24.33,3,Poor
6500,43.0,3,Poor
6501,35.0,3,Poor
6503,38.67,3,Poor
6505,15.33,3,Poor
6517,42.0,3,Poor
6519,24.0,3,Poor
6520,30.33,3,Poor
6522,44.0,3,Poor
6523,46.33,3,Poor
6524,35.0,3,Poor
6525,32.67,3,Poor
6528,45.67,3,Poor
6530,35.67,3,Poor
6533,36.67,3,Poor
6535,48.33,3,Poor
6538,14.0,3,Poor
6541,47.67,3,Poor
6545,44.67,3,Poor
6548,47.0,3,Poor
6550,25.0,3,Poor
6555,22.33,3,Poor
6557,47.0,3,Poor
6559,24.33,3,Poor
6560,29.67,3,Poor
6562,31.33,3,Poor
6563,24.0,3,Poor
6566,48.0,3,Poor
6568,30.33,3,Poor
6576,41.33,3,Poor
6577,46.33,3,Poor
6581,48.67,3,Poor
6584,48.0,3,Poor
6586,36.0,3,Poor
6588,17.0,3,Poor
6589,39.67,3,Poor
6592,48.0,3,Poor
6597,18.0,3,Poor
6601,28.67,3,Poor
6602,47.0,3,Poor
6603,45.33,3,Poor
6604,18.0,3,Poor
6606,42.67,3,Poor
6607,25.33,3,Poor
6611,36.67,3,Poor
6612,19.33,3,Poor
6613,46.33,3,Poor
6614,34.67,3,Poor
6615,33.0,3,Poor
6616,24.33,3,Poor
6618,42.33,3,Poor
6620,16.33,3,Poor
6621,28.33,3,Poor
6622,14.33,3,Poor
6623,44.33,3,Poor
6626,26.0,3,Poor
6627,43.67,3,Poor
6628,39.67,3,Poor
6629,23.33,3,Poor
6630,41.0,3,Poor
6631,48.0,3,Poor
6632,41.67,3,Poor
6633,39.67,3,Poor
6634,49.67,3,Poor
6637,40.67,3,Poor
6639,49.67,3,Poor
6640,39.0,3,Poor
6643,47.67,3,Poor
6648,36.33,3,Poor
6649,46.67,3,Poor
6651,2.67,3,Poor
6653,37.33,3,Poor
6657,29.67,3,Poor
6660,46.33,3,Poor
6662,26.0,3,Poor
6664,46.0,3,Poor
6665,36.0,3,Poor
6667,39.0,3,Poor
6670,32.67,3,Poor
6671,37.0,3,Poor
6672,48.67,3,Poor
6675,38.67,3,Poor
6677,47.67,3,Poor
6678,31.33,3,Poor
6679,27.67,3,Poor
6680,28.0,3,Poor
6685,27.0,3,Poor
6687,25.0,3,Poor
6689,38.67,3,Poor
6690,25.0,3,Poor
6694,16.33,3,Poor
6696,14.33,3,Poor
6697,43.33,3,Poor
6698,41.67,3,Poor
6699,42.33,3,Poor
6700,40.67,3,Poor
6702,36.0,3,Poor
6705,36.67,3,Poor
6709,42.0,3,Poor
6711,40.33,3,Poor
6713,21.67,3,Poor
6714,41.0,3,Poor
6715,43.33,3,Poor
6718,41.0,3,Poor
6719,33.0,3,Poor
6721,30.67,3,Poor
6723,37.0,3,Poor
6725,38.0,3,Poor
6727,44.0,3,Poor
6732,46.0,3,Poor
6735,44.33,3,Poor
6737,22.33,3,Poor
6738,43.33,3,Poor
6739,42.33,3,Poor
6742,28.0,3,Poor
6743,35.0,3,Poor
6744,38.33,3,Poor
6746,30.33,3,Poor
6747,37.33,3,Poor
6749,18.67,3,Poor
6750,28.67,3,Poor
6753,34.0,3,Poor
6754,39.67,3,Poor
6755,27.33,3,Poor
6757,28.0,3,Poor
6758,32.67,3,Poor
6759,39.67,3,Poor
6760,38.0,3,Poor
6761,45.67,3,Poor
6762,43.0,3,Poor
6763,49.0,3,Poor
6764,21.67,3,Poor
6765,28.33,3,Poor
6770,33.67,3,Poor
6771,49.67,3,Poor
6775,24.67,3,Poor
6776,46.33,3,Poor
6779,34.67,3,Poor
6780,33.0,3,Poor
6781,33.67,3,Poor
6784,28.33,3,Poor
6786,46.67,3,Poor
6787,49.33,3,Poor
6789,42.67,3,Poor
6790,43.33,3,Poor
6791,49.0,3,Poor
6792,35.33,3,Poor
6794,22.0,3,Poor
6796,39.0,3,Poor
6798,49.0,3,Poor
6799,39.0,3,Poor
6800,48.33,3,Poor
6801,48.0,3,Poor
6803,38.0,3,Poor
6804,40.0,3,Poor
6807,33.0,3,Poor
6809,47.67,3,Poor
6810,40.67,3,Poor
6812,49.0,3,Poor
6813,38.33,3,Poor
6817,34.67,3,Poor
6818,14.67,3,Poor
6822,17.67,3,Poor
6823,46.0,3,Poor
6825,37.33,3,Poor
6826,29.33,3,Poor
6828,14.0,3,Poor
6832,19.33,3,Poor
6833,38.67,3,Poor
6836,31.0,3,Poor
6837,39.33,3,Poor
6839,39.67,3,Poor
6842,38.33,3,Poor
6843,29.67,3,Poor
6844,48.33,3,Poor
6845,29.33,3,Poor
6846,35.33,3,Poor
6848,29.0,3,Poor
6849,30.0,3,Poor
6851,43.67,3,Poor
6852,20.0,3,Poor
6853,46.0,3,Poor
6854,42.0,3,Poor
6855,43.67,3,Poor
6857,30.33,3,Poor
6858,36.33,3,Poor
6859,27.0,3,Poor
6863,43.33,3,Poor
6864,39.0,3,Poor
6865,46.33,3,Poor
6866,44.0,3,Poor
6868,45.67,3,Poor
6870,12.67,3,Poor
6871,30.0,3,Poor
6874,28.0,3,Poor
6877,24.0,3,Poor
6879,22.33,3,Poor
6881,49.33,3,Poor
6882,39.0,3,Poor
6885,40.67,3,Poor
6886,46.0,3,Poor
6888,32.67,3,Poor
6889,27.67,3,Poor
6890,48.0,3,Poor
6892,39.0,3,Poor
6893,17.67,3,Poor
6894,40.0,3,Poor
6895,21.33,3,Poor
6896,41.67,3,Poor
6898,43.33,3,Poor
6899,33.67,3,Poor
6900,36.0,3,Poor
6903,44.67,3,Poor
6904,41.0,3,Poor
6906,39.33,3,Poor
6907,33.33,3,Poor
6909,19.0,3,Poor
6911,41.33,3,Poor
6913,42.67,3,Poor
6915,41.67,3,Poor
6921,33.33,3,Poor
6922,40.33,3,Poor
6923,46.67,3,Poor
6925,49.67,3,Poor
6926,41.0,3,Poor
6928,29.0,3,Poor
6929,41.67,3,Poor
6930,42.33,3,Poor
6931,37.67,3,Poor
6935,40.33,3,Poor
6937,38.67,3,Poor
6939,35.33,3,Poor
6941,43.33,3,Poor
6943,48.0,3,Poor
6944,46.0,3,Poor
6945,47.0,3,Poor
6946,33.33,3,Poor
6947,39.33,3,Poor
6949,44.67,3,Poor
6952,36.33,3,Poor
6954,28.67,3,Poor
6955,33.67,3,Poor
6957,43.67,3,Poor
6959,42.67,3,Poor
6962,41.0,3,Poor
6964,24.67,3,Poor
6965,42.67,3,Poor
6967,47.0,3,Poor
6968,45.0,3,Poor
6972,30.67,3,Poor
6973,42.67,3,Poor
6974,47.67,3,Poor
6975,44.67,3,Poor
6976,41.67,3,Poor
6978,42.0,3,Poor
6979,41.0,3,Poor
6981,29.33,3,Poor
6983,42.0,3,Poor
6984,49.33,3,Poor
6987,41.33,3,Poor
6992,42.67,3,Poor
6993,14.33,3,Poor
6994,41.0,3,Poor
6996,21.67,3,Poor
6997,42.67,3,Poor
6998,41.67,3,Poor
7000,21.67,3,Poor
7003,49.0,3,Poor
7004,34.0,3,Poor
7005,46.67,3,Poor
7006,37.0,3,Poor
7007,10.33,3,Poor
7011,36.33,3,Poor
7013,42.0,3,Poor
7017,24.0,3,Poor
7018,42.33,3,Poor
7019,36.67,3,Poor
7020,35.67,3,Poor
7021,43.67,3,Poor
7023,29.67,3,Poor
7026,39.0,3,Poor
7027,44.33,3,Poor
7028,39.0,3,Poor
7029,28.33,3,Poor
7030,48.67,3,Poor
7031,24.67,3,Poor
7032,49.33,3,Poor
7034,48.0,3,Poor
7037,22.33,3,Poor
7040,40.0,3,Poor
7041,24.0,3,Poor
7043,42.33,3,Poor
7044,49.33,3,Poor
7045,27.67,3,Poor
7049,32.0,3,Poor
7050,20.33,3,Poor
7052,40.0,3,Poor
7053,40.67,3,Poor
7054,14.33,3,Poor
7059,45.0,3,Poor
7060,49.0,3,Poor
7062,47.33,3,Poor
7067,46.33,3,Poor
7068,26.0,3,Poor
7071,48.67,3,Poor
7073,46.0,3,Poor
7074,29.0,3,Poor
7075,35.33,3,Poor
7076,47.33,3,Poor
7077,36.33,3,Poor
7078,7.33,3,Poor
7079,32.33,3,Poor
7080,44.0,3,Poor
7081,42.33,3,Poor
7082,27.0,3,Poor
7083,11.33,3,Poor
7084,36.0,3,Poor
7085,24.67,3,Poor
7086,28.67,3,Poor
7088,4.0,3,Poor
7089,36.67,3,Poor
7090,44.67,3,Poor
7092,27.33,3,Poor
7093,40.67,3,Poor
7094,40.0,3,Poor
7098,18.0,3,Poor
7099,11.33,3,Poor
7101,41.67,3,Poor
7104,30.33,3,Poor
7105,40.67,3,Poor
7109,32.0,3,Poor
7112,44.67,3,Poor
7114,45.33,3,Poor
7119,47.0,3,Poor
7120,43.33,3,Poor
7124,32.67,3,Poor
7128,48.33,3,Poor
7129,28.67,3,Poor
7130,29.0,3,Poor
7131,45.67,3,Poor
7132,21.33,3,Poor
7133,18.33,3,Poor
7134,46.33,3,Poor
7135,49.33,3,Poor
7139,48.67,3,Poor
7140,32.0,3,Poor
7143,25.67,3,Poor
7144,31.33,3,Poor
7146,39.0,3,Poor
7149,43.33,3,Poor
7150,35.33,3,Poor
7151,39.67,3,Poor
7154,22.0,3,Poor
7155,44.67,3,Poor
7158,44.67,3,Poor
7161,37.33,3,Poor
7162,31.67,3,Poor
7163,47.0,3,Poor
7164,39.67,3,Poor
7165,49.0,3,Poor
7167,25.0,3,Poor
7169,23.67,3,Poor
7170,33.0,3,Poor
7171,45.0,3,Poor
7172,48.67,3,Poor
7176,11.67,3,Poor
7178,18.0,3,Poor
7179,45.33,3,Poor
7180,39.0,3,Poor
7183,25.33,3,Poor
7184,25.67,3,Poor
7185,42.67,3,Poor
7186,45.0,3,Poor
7188,48.67,3,Poor
7189,39.0,3,Poor
7197,35.67,3,Poor
7200,37.67,3,Poor
7203,45.0,3,Poor
7205,48.0,3,Poor
7206,20.0,3,Poor
7207,33.0,3,Poor
7210,35.0,3,Poor
7212,30.33,3,Poor
7213,32.0,3,Poor
7216,46.67,3,Poor
7218,24.0,3,Poor
7222,6.0,3,Poor
7223,45.67,3,Poor
7224,49.0,3,Poor
7227,31.67,3,Poor
7228,43.33,3,Poor
7229,45.0,3,Poor
7231,12.67,3,Poor
7232,27.0,3,Poor
7233,24.67,3,Poor
7236,41.0,3,Poor
7237,38.33,3,Poor
7238,39.67,3,Poor
7241,48.67,3,Poor
7244,31.0,3,Poor
7245,44.33,3,Poor
7247,21.0,3,Poor
7249,42.0,3,Poor
7250,44.0,3,Poor
7253,31.0,3,Poor
7255,47.33,3,Poor
7256,46.33,3,Poor
7259,32.67,3,Poor
7262,44.0,3,Poor
7263,42.33,3,Poor
7268,41.33,3,Poor
7269,43.67,3,Poor
7270,48.0,3,Poor
7272,47.33,3,Poor
7277,37.33,3,Poor
7278,41.67,3,Poor
7281,48.67,3,Poor
7283,40.67,3,Poor
7284,33.0,3,Poor
7285,32.0,3,Poor
7286,21.67,3,Poor
7289,14.33,3,Poor
7292,40.33,3,Poor
7294,43.67,3,Poor
7297,39.67,3,Poor
7298,33.67,3,Poor
7303,28.33,3,Poor
7305,29.33,3,Poor
7306,30.0,3,Poor
7308,41.0,3,Poor
7310,48.0,3,Poor
7311,29.0,3,Poor
7312,35.0,3,Poor
7319,37.0,3,Poor
7322,27.33,3,Poor
7323,28.67,3,Poor
7325,29.0,3,Poor
7327,48.0,3,Poor
7328,49.67,3,Poor
7329,26.0,3,Poor
7331,37.33,3,Poor
7335,6.67,3,Poor
7345,31.33,3,Poor
7346,42.67,3,Poor
7347,36.0,3,Poor
7348,48.0,3,Poor
7349,30.67,3,Poor
7350,44.0,3,Poor
7351,23.33,3,Poor
7353,36.33,3,Poor
7355,43.33,3,Poor
7357,49.0,3,Poor
7360,43.33,3,Poor
7366,48.33,3,Poor
7368,46.0,3,Poor
7369,34.67,3,Poor
7372,14.67,3,Poor
7373,44.33,3,Poor
7374,39.0,3,Poor
7375,24.67,3,Poor
7376,36.67,3,Poor
7377,44.67,3,Poor
7379,49.0,3,Poor
7388,34.0,3,Poor
7389,47.67,3,Poor
7395,48.67,3,Poor
7396,40.0,3,Poor
7402,43.67,3,Poor
7404,4.0,3,Poor
7406,39.67,3,Poor
7410,40.67,3,Poor
7411,38.33,3,Poor
7412,33.0,3,Poor
7414,29.0,3,Poor
7416,38.33,3,Poor
7419,40.67,3,Poor
7420,37.33,3,Poor
7424,21.33,3,Poor
7425,39.0,3,Poor
7427,25.0,3,Poor
7428,42.33,3,Poor
7430,40.33,3,Poor
7433,48.67,3,Poor
7434,43.67,3,Poor
7436,38.33,3,Poor
7438,31.67,3,Poor
7440,10.0,3,Poor
7441,36.0,3,Poor
7442,41.0,3,Poor
7443,37.0,3,Poor
7446,36.67,3,Poor
7448,19.0,3,Poor
7452,49.33,3,Poor
7453,38.67,3,Poor
7456,34.67,3,Poor
7457,44.33,3,Poor
7461,38.67,3,Poor
7462,46.0,3,Poor
7465,33.67,3,Poor
7466,33.0,3,Poor
7467,24.0,3,Poor
7468,44.33,3,Poor
7469,42.67,3,Poor
7470,47.33,3,Poor
7471,46.33,3,Poor
7473,44.33,3,Poor
7474,22.33,3,Poor
7477,47.33,3,Poor
7478,40.67,3,Poor
7479,45.0,3,Poor
7480,29.0,3,Poor
7481,41.67,3,Poor
7482,45.33,3,Poor
7485,22.0,3,Poor
7486,35.0,3,Poor
7490,43.33,3,Poor
7494,42.67,3,Poor
7497,37.67,3,Poor
7498,36.33,3,Poor
7500,28.0,3,Poor
7502,48.33,3,Poor
7504,49.67,3,Poor
7507,39.33,3,Poor
7509,33.67,3,Poor
7515,23.33,3,Poor
7517,30.33,3,Poor
7519,36.0,3,Poor
7520,41.33,3,Poor
7522,35.0,3,Poor
7523,45.33,3,Poor
7528,41.67,3,Poor
7529,26.67,3,Poor
7530,32.67,3,Poor
7532,47.33,3,Poor
7535,27.33,3,Poor
7538,26.0,3,Poor
7540,42.67,3,Poor
7542,24.33,3,Poor
7548,32.0,3,Poor
7550,46.33,3,Poor
7551,46.67,3,Poor
7554,36.0,3,Poor
7555,37.67,3,Poor
7556,33.0,3,Poor
7561,46.33,3,Poor
7562,18.67,3,Poor
7571,34.67,3,Poor
7572,40.67,3,Poor
7573,47.67,3,Poor
7574,37.33,3,Poor
7576,39.33,3,Poor
7577,33.67,3,Poor
7578,16.0,3,Poor
7579,28.0,3,Poor
7580,26.33,3,Poor
7581,22.67,3,Poor
7582,47.33,3,Poor
7583,41.33,3,Poor
7584,48.33,3,Poor
7585,36.67,3,Poor
7588,40.0,3,Poor
7592,34.0,3,Poor
7595,37.33,3,Poor
7596,12.33,3,Poor
7598,46.0,3,Poor
7601,23.67,3,Poor
7604,26.33,3,Poor
7605,16.67,3,Poor
7606,41.67,3,Poor
7607,41.67,3,Poor
7609,41.0,3,Poor
7610,42.67,3,Poor
7619,43.67,3,Poor
7621,25.33,3,Poor
7624,26.67,3,Poor
7630,37.67,3,Poor
7631,23.67,3,Poor
7633,12.0,3,Poor
7635,44.67,3,Poor
7641,49.33,3,Poor
7643,40.0,3,Poor
7644,17.33,3,Poor
7645,43.67,3,Poor
7649,41.33,3,Poor
7650,35.67,3,Poor
7652,19.33,3,Poor
7654,40.67,3,Poor
7659,49.0,3,Poor
7660,46.0,3,Poor
7661,45.33,3,Poor
7663,27.0,3,Poor
7665,33.0,3,Poor
7669,33.33,3,Poor
7670,31.0,3,Poor
7673,28.33,3,Poor
7674,46.0,3,Poor
7675,16.67,3,Poor
7677,27.67,3,Poor
7678,47.33,3,Poor
7681,39.33,3,Poor
7683,33.33,3,Poor
7684,45.33,3,Poor
7685,34.0,3,Poor
7691,38.33,3,Poor
7692,30.67,3,Poor
7696,32.0,3,Poor
7697,48.0,3,Poor
7700,32.0,3,Poor
7703,34.67,3,Poor
7704,25.0,3,Poor
7706,31.33,3,Poor
7707,17.33,3,Poor
7709,19.33,3,Poor
7712,33.0,3,Poor
7714,25.67,3,Poor
7716,24.33,3,Poor
7722,45.0,3,Poor
7724,48.67,3,Poor
7725,35.67,3,Poor
7726,46.33,3,Poor
7728,44.0,3,Poor
7729,42.0,3,Poor
7732,38.33,3,Poor
7733,43.33,3,Poor
7735,31.67,3,Poor
7737,22.0,3,Poor
7739,46.0,3,Poor
7740,28.67,3,Poor
7741,37.67,3,Poor
7742,35.0,3,Poor
7743,35.67,3,Poor
7744,42.33,3,Poor
7745,46.0,3,Poor
7746,34.67,3,Poor
7747,37.67,3,Poor
7749,19.33,3,Poor
7750,37.0,3,Poor
7754,33.67,3,Poor
7755,35.33,3,Poor
7757,36.33,3,Poor
7758,48.67,3,Poor
7759,37.0,3,Poor
7760,28.33,3,Poor
7766,38.0,3,Poor
7768,49.33,3,Poor
7771,37.67,3,Poor
7775,36.33,3,Poor
7777,48.0,3,Poor
7778,34.67,3,Poor
7781,28.67,3,Poor
7782,25.33,3,Poor
7785,27.0,3,Poor
7788,36.67,3,Poor
7789,45.67,3,Poor
7790,42.33,3,Poor
7792,32.33,3,Poor
7793,37.33,3,Poor
7794,39.67,3,Poor
7795,47.67,3,Poor
7797,35.67,3,Poor
7798,30.33,3,Poor
7799,10.0,3,Poor
7800,47.0,3,Poor
7801,38.33,3,Poor
7803,46.67,3,Poor
7804,37.0,3,Poor
7805,30.33,3,Poor
7807,36.33,3,Poor
7808,45.33,3,Poor
7809,32.0,3,Poor
7810,37.67,3,Poor
7811,37.67,3,Poor
7813,46.0,3,Poor
7814,41.33,3,Poor
7817,33.33,3,Poor
7820,37.33,3,Poor
7828,47.33,3,Poor
7829,37.33,3,Poor
7831,14.67,3,Poor
7832,42.33,3,Poor
7833,34.67,3,Poor
7834,27.0,3,Poor
7835,38.0,3,Poor
7838,40.67,3,Poor
7840,36.33,3,Poor
7841,44.0,3,Poor
7844,44.67,3,Poor
7845,24.67,3,Poor
7846,36.67,3,Poor
7847,49.33,3,Poor
7850,47.67,3,Poor
7853,27.67,3,Poor
7854,28.67,3,Poor
7855,45.0,3,Poor
7857,39.33,3,Poor
7858,34.0,3,Poor
7859,28.33,3,Poor
7860,33.67,3,Poor
7861,24.33,3,Poor
7864,38.67,3,Poor
7865,34.67,3,Poor
7867,9.33,3,Poor
7870,40.67,3,Poor
7871,32.33,3,Poor
7872,28.33,3,Poor
7873,30.0,3,Poor
7875,45.0,3,Poor
7876,38.0,3,Poor
7877,37.67,3,Poor
7878,49.33,3,Poor
7879,45.67,3,Poor
7880,34.67,3,Poor
7882,37.67,3,Poor
7883,27.67,3,Poor
7884,40.33,3,Poor
7888,47.0,3,Poor
7890,39.0,3,Poor
7891,44.0,3,Poor
7894,35.33,3,Poor
7898,35.0,3,Poor
7900,37.33,3,Poor
7902,42.67,3,Poor
7903,49.67,3,Poor
7904,41.67,3,Poor
7905,36.67,3,Poor
7910,19.33,3,Poor
7913,46.67,3,Poor
7916,37.67,3,Poor
7917,37.67,3,Poor
7918,43.67,3,Poor
7919,37.33,3,Poor
7926,40.67,3,Poor
7928,44.0,3,Poor
7931,39.67,3,Poor
7932,37.0,3,Poor
7934,37.67,3,Poor
7935,45.0,3,Poor
7938,26.67,3,Poor
7940,29.33,3,Poor
7941,36.67,3,Poor
7943,42.67,3,Poor
7944,45.33,3,Poor
7951,49.67,3,Poor
7953,42.33,3,Poor
7957,48.0,3,Poor
7958,39.0,3,Poor
7959,43.67,3,Poor
7960,33.0,3,Poor
7961,28.67,3,Poor
7962,32.0,3,Poor
7964,37.33,3,Poor
7965,47.0,3,Poor
7966,42.0,3,Poor
7967,41.67,3,Poor
7968,49.33,3,Poor
7969,27.0,3,Poor
7971,24.33,3,Poor
7972,43.0,3,Poor
7973,49.67,3,Poor
7975,39.33,3,Poor
7978,28.33,3,Poor
7985,38.0,3,Poor
7986,38.67,3,Poor
7990,42.0,3,Poor
7993,16.33,3,Poor
7994,44.33,3,Poor
7995,37.67,3,Poor
7997,39.33,3,Poor
7998,26.0,3,Poor
7999,22.0,3,Poor
8001,23.0,3,Poor
8006,19.33,3,Poor
8008,39.33,3,Poor
8013,34.33,3,Poor
8014,49.33,3,Poor
8016,37.0,3,Poor
8019,7.67,3,Poor
8022,31.0,3,Poor
8023,19.0,3,Poor
8026,48.33,3,Poor
8028,49.0,3,Poor
8031,34.33,3,Poor
8033,36.33,3,Poor
8034,46.67,3,Poor
8035,40.67,3,Poor
8038,39.0,3,Poor
8039,44.67,3,Poor
8043,36.0,3,Poor
8045,43.33,3,Poor
8046,40.33,3,Poor
8047,12.67,3,Poor
8048,46.0,3,Poor
8049,35.33,3,Poor
8050,46.67,3,Poor
8052,35.33,3,Poor
8054,35.67,3,Poor
8057,45.0,3,Poor
8059,25.0,3,Poor
8062,20.0,3,Poor
8063,36.33,3,Poor
8066,48.67,3,Poor
8068,27.67,3,Poor
8070,18.33,3,Poor
8075,41.0,3,Poor
8076,46.0,3,Poor
8077,42.0,3,Poor
8078,11.0,3,Poor
8079,46.33,3,Poor
8080,24.33,3,Poor
8083,35.33,3,Poor
8084,23.0,3,Poor
8085,39.67,3,Poor
8086,36.33,3,Poor
8088,39.67,3,Poor
8089,15.33,3,Poor
8092,46.0,3,Poor
8093,49.33,3,Poor
8097,44.0,3,Poor
8099,33.33,3,Poor
8100,22.33,3,Poor
8102,36.33,3,Poor
8105,40.67,3,Poor
8106,29.67,3,Poor
8107,35.33,3,Poor
8109,25.0,3,Poor
8110,46.67,3,Poor
8111,41.0,3,Poor
8112,17.0,3,Poor
8113,39.67,3,Poor
8115,42.0,3,Poor
8118,47.0,3,Poor
8119,33.0,3,Poor
8130,43.67,3,Poor
8133,24.67,3,Poor
8135,45.0,3,Poor
8140,34.33,3,Poor
8143,32.67,3,Poor
8145,37.33,3,Poor
8146,42.33,3,Poor
8147,30.33,3,Poor
8148,31.0,3,Poor
8149,32.67,3,Poor
8150,23.33,3,Poor
8151,17.33,3,Poor
8153,48.67,3,Poor
8154,44.67,3,Poor
8157,41.67,3,Poor
8159,46.33,3,Poor
8160,40.67,3,Poor
8162,48.33,3,Poor
8163,44.67,3,Poor
8164,31.67,3,Poor
8165,33.33,3,Poor
8168,37.0,3,Poor
8169,43.0,3,Poor
8171,36.67,3,Poor
8172,17.67,3,Poor
8175,31.0,3,Poor
8179,49.33,3,Poor
8181,46.67,3,Poor
8182,45.33,3,Poor
8183,27.33,3,Poor
8186,42.0,3,Poor
8187,30.33,3,Poor
8188,35.67,3,Poor
8189,49.0,3,Poor
8190,48.33,3,Poor
8193,35.67,3,Poor
8194,29.67,3,Poor
8200,34.33,3,Poor
8201,19.67,3,Poor
8202,40.33,3,Poor
8205,43.67,3,Poor
8207,30.0,3,Poor
8208,42.0,3,Poor
8210,47.33,3,Poor
8211,48.0,3,Poor
8212,44.0,3,Poor
8213,20.67,3,Poor
8216,23.67,3,Poor
8217,47.33,3,Poor
8219,38.33,3,Poor
8220,33.67,3,Poor
8221,34.67,3,Poor
8222,43.33,3,Poor
8223,41.33,3,Poor
8225,23.0,3,Poor
8229,46.67,3,Poor
8235,34.67,3,Poor
8236,35.0,3,Poor
8237,26.67,3,Poor
8239,14.0,3,Poor
8242,43.67,3,Poor
8247,42.33,3,Poor
8249,43.67,3,Poor
8251,32.0,3,Poor
8252,41.0,3,Poor
8256,28.67,3,Poor
8259,32.67,3,Poor
8260,45.33,3,Poor
8264,40.67,3,Poor
8271,29.67,3,Poor
8275,40.0,3,Poor
8276,45.0,3,Poor
8277,38.0,3,Poor
8286,30.33,3,Poor
8290,49.33,3,Poor
8291,47.67,3,Poor
8292,37.67,3,Poor
8295,48.67,3,Poor
8297,28.0,3,Poor
8299,6.0,3,Poor
8301,47.67,3,Poor
8304,44.67,3,Poor
8305,39.0,3,Poor
8307,49.0,3,Poor
8312,40.0,3,Poor
8313,45.0,3,Poor
8314,43.33,3,Poor
8315,38.0,3,Poor
8319,45.0,3,Poor
8320,47.67,3,Poor
8322,47.0,3,Poor
8323,34.0,3,Poor
8324,12.33,3,Poor
8326,17.33,3,Poor
8328,34.33,3,Poor
8329,44.33,3,Poor
8332,7.33,3,Poor
8333,45.33,3,Poor
8334,49.67,3,Poor
8338,25.67,3,Poor
8339,30.67,3,Poor
8340,49.67,3,Poor
8344,46.0,3,Poor
8345,36.0,3,Poor
8347,46.67,3,Poor
8351,47.67,3,Poor
8353,27.0,3,Poor
8355,22.67,3,Poor
8356,40.67,3,Poor
8357,38.67,3,Poor
8358,48.67,3,Poor
8362,46.67,3,Poor
8363,34.0,3,Poor
8364,31.33,3,Poor
8366,28.67,3,Poor
8369,45.67,3,Poor
8370,26.0,3,Poor
8371,39.33,3,Poor
8372,49.67,3,Poor
8378,48.33,3,Poor
8379,42.67,3,Poor
8380,42.0,3,Poor
8382,48.0,3,Poor
8384,49.67,3,Poor
8386,45.67,3,Poor
8389,27.0,3,Poor
8391,15.33,3,Poor
8393,45.67,3,Poor
8394,46.0,3,Poor
8397,12.0,3,Poor
8399,28.67,3,Poor
8401,36.33,3,Poor
8403,47.67,3,Poor
8404,49.33,3,Poor
8405,31.67,3,Poor
8407,25.0,3,Poor
8408,23.33,3,Poor
8410,49.67,3,Poor
8411,41.0,3,Poor
8412,17.33,3,Poor
8417,16.33,3,Poor
8418,11.33,3,Poor
8419,35.67,3,Poor
8420,33.33,3,Poor
8422,26.67,3,Poor
8423,35.67,3,Poor
8425,6.0,3,Poor
8431,49.0,3,Poor
8435,13.0,3,Poor
8437,36.0,3,Poor
8438,30.33,3,Poor
8439,37.33,3,Poor
8440,29.67,3,Poor
8443,33.0,3,Poor
8444,34.67,3,Poor
8450,3.33,3,Poor
8452,35.0,3,Poor
8453,44.33,3,Poor
8454,26.67,3,Poor
8455,7.67,3,Poor
8456,33.33,3,Poor
8458,48.67,3,Poor
8459,12.67,3,Poor
8460,31.0,3,Poor
8462,30.33,3,Poor
8468,47.0,3,Poor
8472,18.0,3,Poor
8474,33.33,3,Poor
8479,45.67,3,Poor
8483,42.33,3,Poor
8484,39.67,3,Poor
8492,35.0,3,Poor
8495,35.67,3,Poor
8497,33.67,3,Poor
8500,35.33,3,Poor
8504,28.0,3,Poor
8505,38.67,3,Poor
8506,49.0,3,Poor
8507,38.0,3,Poor
8508,33.67,3,Poor
8509,20.0,3,Poor
8511,38.33,3,Poor
8512,40.0,3,Poor
8513,33.33,3,Poor
8516,20.0,3,Poor
8517,30.67,3,Poor
8518,45.67,3,Poor
8520,41.33,3,Poor
8521,19.67,3,Poor
8522,49.0,3,Poor
8524,42.33,3,Poor
8525,41.67,3,Poor
8526,48.67,3,Poor
8532,19.0,3,Poor
8533,48.67,3,Poor
8534,47.33,3,Poor
8535,41.33,3,Poor
8539,38.67,3,Poor
8541,36.0,3,Poor
8542,48.67,3,Poor
8543,27.67,3,Poor
8545,44.0,3,Poor
8549,44.0,3,Poor
8551,38.67,3,Poor
8553,24.67,3,Poor
8554,32.0,3,Poor
8555,35.0,3,Poor
8556,43.33,3,Poor
8557,35.33,3,Poor
8559,42.67,3,Poor
8564,38.33,3,Poor
8566,46.33,3,Poor
8568,40.67,3,Poor
8571,29.0,3,Poor
8576,48.0,3,Poor
8577,41.67,3,Poor
8581,25.33,3,Poor
8582,18.67,3,Poor
8584,45.0,3,Poor
8587,26.0,3,Poor
8588,20.33,3,Poor
8589,22.33,3,Poor
8590,45.67,3,Poor
8591,40.67,3,Poor
8593,19.33,3,Poor
8594,15.33,3,Poor
8598,43.67,3,Poor
8601,48.0,3,Poor
8602,44.67,3,Poor
8603,49.33,3,Poor
8610,35.67,3,Poor
8612,28.67,3,Poor
8613,30.67,3,Poor
8614,23.0,3,Poor
8615,37.33,3,Poor
8618,17.67,3,Poor
8620,45.33,3,Poor
8621,38.0,3,Poor
8622,25.33,3,Poor
8623,30.33,3,Poor
8625,48.67,3,Poor
8627,19.33,3,Poor
8632,39.67,3,Poor
8634,41.67,3,Poor
8636,40.33,3,Poor
8637,49.0,3,Poor
8639,25.0,3,Poor
8640,35.0,3,Poor
8641,31.0,3,Poor
8649,45.33,3,Poor
8652,25.67,3,Poor
8653,35.33,3,Poor
8654,44.0,3,Poor
8656,38.0,3,Poor
8659,44.67,3,Poor
8661,36.67,3,Poor
8662,42.33,3,Poor
8663,38.33,3,Poor
8666,35.67,3,Poor
8667,39.0,3,Poor
8670,45.0,3,Poor
8671,26.33,3,Poor
8672,47.33,3,Poor
8673,39.33,3,Poor
8675,38.0,3,Poor
8677,17.33,3,Poor
8678,42.33,3,Poor
8679,46.67,3,Poor
8680,36.33,3,Poor
8681,45.33,3,Poor
8684,47.67,3,Poor
8685,30.67,3,Poor
8689,40.0,3,Poor
8690,45.33,3,Poor
8692,49.67,3,Poor
8693,38.33,3,Poor
8694,40.67,3,Poor
8697,26.33,3,Poor
8698,47.67,3,Poor
8699,44.0,3,Poor
8700,13.0,3,Poor
8701,36.0,3,Poor
8702,43.33,3,Poor
8703,42.67,3,Poor
8709,39.67,3,Poor
8710,23.0,3,Poor
8711,36.33,3,Poor
8712,37.67,3,Poor
8713,43.33,3,Poor
8714,19.0,3,Poor
8716,32.0,3,Poor
8717,29.0,3,Poor
8721,20.67,3,Poor
8723,38.33,3,Poor
8724,31.0,3,Poor
8725,37.33,3,Poor
8727,38.67,3,Poor
8731,41.33,3,Poor
8733,40.0,3,Poor
8734,28.67,3,Poor
8735,36.67,3,Poor
8736,18.33,3,Poor
8740,42.33,3,Poor
8741,24.33,3,Poor
8742,35.67,3,Poor
8746,12.0,3,Poor
8747,12.67,3,Poor
8750,31.67,3,Poor
8757,38.33,3,Poor
8758,47.0,3,Poor
8760,39.33,3,Poor
8761,47.67,3,Poor
8762,48.0,3,Poor
8763,48.33,3,Poor
8765,45.33,3,Poor
8767,46.67,3,Poor
8769,45.67,3,Poor
8771,47.33,3,Poor
8772,38.0,3,Poor
8773,37.67,3,Poor
8775,49.67,3,Poor
8776,40.0,3,Poor
8777,37.33,3,Poor
8778,43.0,3,Poor
8780,34.33,3,Poor
8781,44.67,3,Poor
8782,47.0,3,Poor
8784,41.0,3,Poor
8785,48.67,3,Poor
8786,27.67,3,Poor
8787,49.67,3,Poor
8788,31.33,3,Poor
8789,47.33,3,Poor
8790,40.67,3,Poor
8792,37.33,3,Poor
8794,49.0,3,Poor
8796,39.0,3,Poor
8799,45.67,3,Poor
8800,31.33,3,Poor
8802,21.0,3,Poor
8803,19.33,3,Poor
8804,43.33,3,Poor
8805,14.67,3,Poor
8806,47.67,3,Poor
8807,27.0,3,Poor
8808,22.67,3,Poor
8809,40.0,3,Poor
8811,14.33,3,Poor
8812,44.67,3,Poor
8813,46.67,3,Poor
8818,40.33,3,Poor
8820,45.67,3,Poor
8821,32.0,3,Poor
8824,26.33,3,Poor
8825,46.67,3,Poor
8827,42.33,3,Poor
8830,15.67,3,Poor
8834,41.67,3,Poor
8837,38.33,3,Poor
8838,35.33,3,Poor
8840,45.0,3,Poor
8841,45.67,3,Poor
8845,43.0,3,Poor
8846,39.33,3,Poor
8851,42.33,3,Poor
8852,44.33,3,Poor
8853,44.33,3,Poor
8857,29.33,3,Poor
8861,30.33,3,Poor
8862,35.0,3,Poor
8864,20.0,3,Poor
8873,23.0,3,Poor
8876,43.33,3,Poor
8881,49.0,3,Poor
8882,44.67,3,Poor
8883,32.67,3,Poor
8886,45.67,3,Poor
8887,43.67,3,Poor
8888,42.33,3,Poor
8889,41.67,3,Poor
8890,47.33,3,Poor
8891,34.0,3,Poor
8894,26.67,3,Poor
8895,23.67,3,Poor
8896,43.67,3,Poor
8899,24.33,3,Poor
8900,26.0,3,Poor
8903,38.67,3,Poor
8905,48.67,3,Poor
8906,35.67,3,Poor
8911,49.33,3,Poor
8915,41.67,3,Poor
8916,48.67,3,Poor
8917,35.67,3,Poor
8918,28.33,3,Poor
8920,47.67,3,Poor
8921,26.67,3,Poor
8922,16.0,3,Poor
8925,26.67,3,Poor
8928,29.67,3,Poor
8930,28.0,3,Poor
8934,39.0,3,Poor
8936,43.33,3,Poor
8937,32.33,3,Poor
8939,26.67,3,Poor
8946,30.0,3,Poor
8948,37.67,3,Poor
8949,44.0,3,Poor
8951,32.67,3,Poor
8953,34.0,3,Poor
8956,28.33,3,Poor
8957,40.67,3,Poor
8958,34.67,3,Poor
8959,29.0,3,Poor
8962,33.67,3,Poor
8965,37.67,3,Poor
8966,34.0,3,Poor
8968,44.0,3,Poor
8969,41.67,3,Poor
8971,25.33,3,Poor
8973,44.67,3,Poor
8974,24.33,3,Poor
8975,49.0,3,Poor
8977,25.0,3,Poor
8978,46.33,3,Poor
8979,38.0,3,Poor
8980,36.33,3,Poor
8981,47.33,3,Poor
8987,41.0,3,Poor
8992,20.0,3,Poor
8994,12.33,3,Poor
8995,44.33,3,Poor
8996,14.67,3,Poor
8997,47.33,3,Poor
8999,41.67,3,Poor
9002,49.67,3,Poor
9006,30.67,3,Poor
9007,40.0,3,Poor
9012,36.67,3,Poor
9014,37.0,3,Poor
9016,46.33,3,Poor
9018,29.0,3,Poor
9020,46.33,3,Poor
9021,35.33,3,Poor
9022,48.67,3,Poor
9025,44.67,3,Poor
9027,25.67,3,Poor
9029,25.0,3,Poor
9032,15.33,3,Poor
9033,32.33,3,Poor
9036,38.67,3,Poor
9037,38.67,3,Poor
9039,31.67,3,Poor
9040,26.33,3,Poor
9041,23.0,3,Poor
9042,30.33,3,Poor
9043,49.33,3,Poor
9047,44.0,3,Poor
9049,45.0,3,Poor
9050,14.0,3,Poor
9051,18.33,3,Poor
9053,35.67,3,Poor
9055,21.33,3,Poor
9056,31.67,3,Poor
9058,41.67,3,Poor
9059,13.0,3,Poor
9062,18.67,3,Poor
9064,47.33,3,Poor
9066,41.67,3,Poor
9070,15.67,3,Poor
9078,40.0,3,Poor
9080,47.0,3,Poor
9085,47.67,3,Poor
9086,44.67,3,Poor
9091,48.67,3,Poor
9092,40.33,3,Poor
9096,37.0,3,Poor
9099,33.33,3,Poor
9102,46.33,3,Poor
9103,32.33,3,Poor
9105,42.67,3,Poor
9107,15.0,3,Poor
9110,13.0,3,Poor
9113,48.0,3,Poor
9114,25.0,3,Poor
9115,23.0,3,Poor
9116,47.67,3,Poor
9119,47.67,3,Poor
9120,23.67,3,Poor
9121,38.67,3,Poor
9123,43.0,3,Poor
9126,31.67,3,Poor
9129,39.0,3,Poor
9131,30.33,3,Poor
9135,27.0,3,Poor
9137,42.33,3,Poor
9138,39.67,3,Poor
9139,48.67,3,Poor
9143,35.67,3,Poor
9144,10.0,3,Poor
9145,40.33,3,Poor
9146,35.33,3,Poor
9147,46.0,3,Poor
9150,29.67,3,Poor
9157,26.0,3,Poor
9159,48.67,3,Poor
9160,27.67,3,Poor
9166,27.0,3,Poor
9168,26.0,3,Poor
9170,49.33,3,Poor
9171,37.0,3,Poor
9172,33.33,3,Poor
9173,44.0,3,Poor
9174,38.67,3,Poor
9175,21.33,3,Poor
9181,47.33,3,Poor
9185,35.67,3,Poor
9190,31.33,3,Poor
9192,43.33,3,Poor
9193,41.67,3,Poor
9195,25.0,3,Poor
9196,34.0,3,Poor
9197,33.0,3,Poor
9198,36.0,3,Poor
9199,48.0,3,Poor
9200,27.67,3,Poor
9201,46.0,3,Poor
9202,28.67,3,Poor
9203,24.67,3,Poor
9204,37.0,3,Poor
9206,47.33,3,Poor
9210,20.0,3,Poor
9212,48.67,3,Poor
9213,46.33,3,Poor
9215,30.33,3,Poor
9218,32.67,3,Poor
9219,29.67,3,Poor
9224,33.67,3,Poor
9228,22.0,3,Poor
9230,19.0,3,Poor
9234,17.0,3,Poor
9235,11.67,3,Poor
9239,40.0,3,Poor
9241,43.67,3,Poor
9244,16.0,3,Poor
9246,38.0,3,Poor
9247,39.33,3,Poor
9249,32.67,3,Poor
9250,30.0,3,Poor
9252,30.0,3,Poor
9253,34.33,3,Poor
9255,44.67,3,Poor
9257,42.33,3,Poor
9258,41.0,3,Poor
9260,20.67,3,Poor
9261,30.67,3,Poor
9264,44.33,3,Poor
9265,47.0,3,Poor
9272,34.0,3,Poor
9273,35.0,3,Poor
9277,38.0,3,Poor
9278,33.0,3,Poor
9279,45.67,3,Poor
9283,45.67,3,Poor
9284,36.0,3,Poor
9285,20.0,3,Poor
9290,15.67,3,Poor
9291,25.33,3,Poor
9294,36.0,3,Poor
9297,33.33,3,Poor
9300,42.0,3,Poor
9302,37.67,3,Poor
9303,14.0,3,Poor
9304,48.67,3,Poor
9305,45.33,3,Poor
9306,38.0,3,Poor
9308,27.67,3,Poor
9310,12.0,3,Poor
9311,48.33,3,Poor
9312,44.33,3,Poor
9314,47.67,3,Poor
9318,40.67,3,Poor
9322,45.33,3,Poor
9327,34.67,3,Poor
9328,46.67,3,Poor
9331,49.67,3,Poor
9333,29.0,3,Poor
9335,32.33,3,Poor
9336,29.67,3,Poor
9346,20.67,3,Poor
9348,43.0,3,Poor
9349,38.33,3,Poor
9354,46.0,3,Poor
9355,32.67,3,Poor
9356,42.67,3,Poor
9359,44.0,3,Poor
9360,44.33,3,Poor
9362,43.67,3,Poor
9363,30.0,3,Poor
9365,45.33,3,Poor
9366,44.0,3,Poor
9367,39.67,3,Poor
9369,26.33,3,Poor
9371,6.33,3,Poor
9373,13.33,3,Poor
9374,37.0,3,Poor
9378,44.67,3,Poor
9383,32.0,3,Poor
9384,45.33,3,Poor
9385,26.33,3,Poor
9387,36.67,3,Poor
9388,44.0,3,Poor
9389,38.67,3,Poor
9391,15.67,3,Poor
9398,47.33,3,Poor
9401,20.0,3,Poor
9405,28.67,3,Poor
9406,28.0,3,Poor
9408,39.33,3,Poor
9409,49.0,3,Poor
9410,42.33,3,Poor
9411,43.0,3,Poor
9413,44.67,3,Poor
9414,32.33,3,Poor
9415,47.67,3,Poor
9419,15.67,3,Poor
9420,46.33,3,Poor
9422,30.0,3,Poor
9423,22.0,3,Poor
9424,25.33,3,Poor
9430,39.0,3,Poor
9431,38.0,3,Poor
9433,49.67,3,Poor
9434,33.67,3,Poor
9438,49.67,3,Poor
9439,24.0,3,Poor
9441,29.0,3,Poor
9443,43.0,3,Poor
9445,47.33,3,Poor
9447,41.33,3,Poor
9449,33.67,3,Poor
9450,43.67,3,Poor
9453,32.33,3,Poor
9454,41.33,3,Poor
9457,39.67,3,Poor
9458,49.0,3,Poor
9461,30.33,3,Poor
9463,35.33,3,Poor
9465,21.67,3,Poor
9466,38.67,3,Poor
9467,35.33,3,Poor
9470,40.0,3,Poor
9473,41.67,3,Poor
9474,26.67,3,Poor
9476,35.33,3,Poor
9477,41.0,3,Poor
9479,29.0,3,Poor
9480,47.67,3,Poor
9481,43.33,3,Poor
9482,36.0,3,Poor
9484,38.0,3,Poor
9490,27.67,3,Poor
9492,26.0,3,Poor
9493,43.0,3,Poor
9497,38.67,3,Poor
9498,47.67,3,Poor
9500,28.67,3,Poor
9501,34.33,3,Poor
9503,22.33,3,Poor
9505,36.0,3,Poor
9507,29.0,3,Poor
9509,34.33,3,Poor
9513,43.67,3,Poor
9517,38.0,3,Poor
9520,44.33,3,Poor
9521,31.67,3,Poor
9522,42.33,3,Poor
9523,29.67,3,Poor
9524,38.33,3,Poor
9525,39.33,3,Poor
9529,33.33,3,Poor
9530,47.33,3,Poor
9532,40.0,3,Poor
9535,35.33,3,Poor
9536,39.0,3,Poor
9537,36.0,3,Poor
9538,36.33,3,Poor
9539,49.33,3,Poor
9541,42.33,3,Poor
9542,48.0,3,Poor
9546,44.0,3,Poor
9547,49.33,3,Poor
9548,22.0,3,Poor
9549,44.67,3,Poor
9550,46.67,3,Poor
9553,37.33,3,Poor
9556,8.67,3,Poor
9557,46.67,3,Poor
9558,33.0,3,Poor
9559,35.67,3,Poor
9562,39.67,3,Poor
9564,41.67,3,Poor
9565,29.0,3,Poor
9571,37.0,3,Poor
9573,29.33,3,Poor
9574,45.0,3,Poor
9575,39.0,3,Poor
9577,45.33,3,Poor
9579,29.67,3,Poor
9581,30.67,3,Poor
9582,43.0,3,Poor
9583,28.67,3,Poor
9584,46.33,3,Poor
9585,45.33,3,Poor
9587,38.33,3,Poor
9589,48.0,3,Poor
9595,38.67,3,Poor
9596,19.33,3,Poor
9598,44.67,3,Poor
9599,29.0,3,Poor
9600,40.67,3,Poor
9602,37.33,3,Poor
9607,43.33,3,Poor
9608,33.33,3,Poor
9609,22.33,3,Poor
9610,39.67,3,Poor
9611,48.0,3,Poor
9616,45.67,3,Poor
9617,31.33,3,Poor
9620,16.67,3,Poor
9623,45.0,3,Poor
9624,29.67,3,Poor
9628,30.0,3,Poor
9629,46.33,3,Poor
9631,29.33,3,Poor
9633,37.67,3,Poor
9635,34.0,3,Poor
9638,41.0,3,Poor
9643,49.33,3,Poor
9646,25.0,3,Poor
9647,45.67,3,Poor
9648,21.0,3,Poor
9649,36.33,3,Poor
9650,33.0,3,Poor
9652,34.0,3,Poor
9658,43.67,3,Poor
9659,47.0,3,Poor
9660,49.33,3,Poor
9661,46.0,3,Poor
9663,36.33,3,Poor
9664,37.33,3,Poor
9665,33.33,3,Poor
9666,21.67,3,Poor
9667,24.67,3,Poor
9669,44.0,3,Poor
9670,48.0,3,Poor
9671,47.33,3,Poor
9672,20.67,3,Poor
9674,32.67,3,Poor
9675,44.33,3,Poor
9676,15.33,3,Poor
9678,39.0,3,Poor
9679,38.0,3,Poor
9680,44.33,3,Poor
9681,26.33,3,Poor
9683,24.0,3,Poor
9687,30.67,3,Poor
9689,43.33,3,Poor
9690,44.67,3,Poor
9691,15.33,3,Poor
9692,47.33,3,Poor
9697,49.67,3,Poor
9699,36.67,3,Poor
9701,19.67,3,Poor
9705,25.33,3,Poor
9708,36.0,3,Poor
9709,29.67,3,Poor
9710,42.67,3,Poor
9711,27.0,3,Poor
9713,36.0,3,Poor
9714,30.0,3,Poor
9715,40.67,3,Poor
9716,46.33,3,Poor
9718,45.33,3,Poor
9719,33.33,3,Poor
9722,30.0,3,Poor
9723,25.0,3,Poor
9726,47.33,3,Poor
9730,45.33,3,Poor
9732,22.33,3,Poor
9733,38.33,3,Poor
9734,28.33,3,Poor
9735,25.0,3,Poor
9736,42.0,3,Poor
9737,40.33,3,Poor
9740,27.33,3,Poor
9741,35.67,3,Poor
9742,34.0,3,Poor
9744,35.33,3,Poor
9746,37.67,3,Poor
9747,40.33,3,Poor
9750,16.67,3,Poor
9753,46.67,3,Poor
9754,35.0,3,Poor
9757,47.67,3,Poor
9758,35.0,3,Poor
9761,38.0,3,Poor
9762,32.0,3,Poor
9763,29.0,3,Poor
9764,25.33,3,Poor
9765,31.0,3,Poor
9766,23.33,3,Poor
9768,42.0,3,Poor
9769,25.33,3,Poor
9771,30.67,3,Poor
9773,11.67,3,Poor
9774,40.33,3,Poor
9776,48.67,3,Poor
9779,23.0,3,Poor
9785,28.67,3,Poor
9787,38.0,3,Poor
9790,27.0,3,Poor
9793,22.0,3,Poor
9795,22.0,3,Poor
9799,36.33,3,Poor
9803,46.33,3,Poor
9804,20.67,3,Poor
9805,46.0,3,Poor
9806,33.33,3,Poor
9807,42.33,3,Poor
9808,30.0,3,Poor
9812,30.33,3,Poor
9814,25.0,3,Poor
9817,19.33,3,Poor
9818,44.0,3,Poor
9819,39.0,3,Poor
9820,46.0,3,Poor
9822,42.33,3,Poor
9824,43.67,3,Poor
9827,43.0,3,Poor
9828,23.33,3,Poor
9829,21.67,3,Poor
9830,25.67,3,Poor
9831,45.33,3,Poor
9832,27.67,3,Poor
9834,45.0,3,Poor
9837,45.67,3,Poor
9840,34.0,3,Poor
9841,34.33,3,Poor
9846,36.67,3,Poor
9849,41.33,3,Poor
9854,23.33,3,Poor
9855,34.67,3,Poor
9856,46.0,3,Poor
9857,39.33,3,Poor
9858,43.33,3,Poor
9859,41.0,3,Poor
9863,29.0,3,Poor
9872,28.67,3,Poor
9873,44.33,3,Poor
9874,35.67,3,Poor
9879,30.67,3,Poor
9880,47.33,3,Poor
9881,31.67,3,Poor
9883,29.0,3,Poor
9889,35.33,3,Poor
9891,43.0,3,Poor
9892,26.0,3,Poor
9893,46.67,3,Poor
9894,46.0,3,Poor
9895,43.33,3,Poor
9896,41.67,3,Poor
9897,20.0,3,Poor
9901,39.33,3,Poor
9902,46.33,3,Poor
9905,13.67,3,Poor
9909,24.0,3,Poor
9911,32.0,3,Poor
9912,49.33,3,Poor
9914,45.67,3,Poor
9915,49.33,3,Poor
9916,19.67,3,Poor
9921,32.33,3,Poor
9922,40.67,3,Poor
9923,42.0,3,Poor
9931,23.0,3,Poor
9935,45.0,3,Poor
9936,46.33,3,Poor
9941,29.67,3,Poor
9945,40.67,3,Poor
9948,21.33,3,Poor
9949,27.0,3,Poor
9950,47.33,3,Poor
9953,44.33,3,Poor
9955,41.67,3,Poor
9957,30.33,3,Poor
9962,41.67,3,Poor
9966,41.0,3,Poor
9967,29.33,3,Poor
9968,28.0,3,Poor
9970,43.67,3,Poor
9971,36.0,3,Poor
9973,41.0,3,Poor
9975,38.0,3,Poor
9976,33.33,3,Poor
9980,30.33,3,Poor
9989,42.67,3,Poor
9990,37.67,3,Poor
9991,46.33,3,Poor
9993,35.67,3,Poor
9997,38.67,3,Poor
9998,39.33,3,Poor
10000,41.67,3,Poor
10002,41.0,3,Poor
10004,35.33,3,Poor
10005,40.0,3,Poor
10008,49.33,3,Poor
10009,34.33,3,Poor
10011,32.33,3,Poor
10013,37.67,3,Poor
10015,48.0,3,Poor
10017,35.67,3,Poor
10018,48.67,3,Poor
10019,49.33,3,Poor
10026,47.67,3,Poor
10027,38.67,3,Poor
10028,40.33,3,Poor
10031,21.67,3,Poor
10033,39.0,3,Poor
10036,45.33,3,Poor
10038,46.0,3,Poor
10042,31.0,3,Poor
10043,41.67,3,Poor
10050,35.33,3,Poor
10051,25.67,3,Poor
10052,44.33,3,Poor
10055,39.0,3,Poor
10056,41.33,3,Poor
10058,37.67,3,Poor
10059,39.67,3,Poor
10060,41.33,3,Poor
10062,46.33,3,Poor
10063,25.67,3,Poor
10064,45.67,3,Poor
10065,43.33,3,Poor
10071,40.0,3,Poor
10073,37.0,3,Poor
10078,29.33,3,Poor
10079,35.0,3,Poor
10081,43.33,3,Poor
10083,30.33,3,Poor
10084,48.33,3,Poor
10085,42.33,3,Poor
10089,48.33,3,Poor
10090,29.33,3,Poor
10093,16.67,3,Poor
10094,46.0,3,Poor
10095,33.33,3,Poor
10096,31.67,3,Poor
10097,33.67,3,Poor
10098,33.67,3,Poor
10100,37.33,3,Poor
10101,40.33,3,Poor
10103,31.33,3,Poor
10104,46.33,3,Poor
10105,45.67,3,Poor
10107,38.0,3,Poor
10108,40.0,3,Poor
10109,38.33,3,Poor
10110,49.33,3,Poor
10111,21.33,3,Poor
10112,23.67,3,Poor
10117,31.67,3,Poor
10122,43.67,3,Poor
10123,42.0,3,Poor
10128,48.67,3,Poor
10129,44.0,3,Poor
10130,43.33,3,Poor
10132,31.33,3,Poor
10133,10.67,3,Poor
10134,46.0,3,Poor
10135,48.0,3,Poor
10136,29.0,3,Poor
10137,48.67,3,Poor
10140,20.67,3,Poor
10141,28.67,3,Poor
10142,42.0,3,Poor
10145,37.67,3,Poor
10146,28.0,3,Poor
10147,49.33,3,Poor
10148,24.67,3,Poor
10149,34.67,3,Poor
10150,35.33,3,Poor
10151,48.67,3,Poor
10152,44.67,3,Poor
10154,12.0,3,Poor
10155,18.0,3,Poor
10156,35.33,3,Poor
10157,37.33,3,Poor
10158,33.67,3,Poor
10159,49.67,3,Poor
10164,40.33,3,Poor
10169,47.33,3,Poor
10170,29.33,3,Poor
10171,34.67,3,Poor
10173,49.67,3,Poor
10176,39.0,3,Poor
10177,45.0,3,Poor
10178,44.33,3,Poor
10179,43.67,3,Poor
10181,43.67,3,Poor
10182,38.67,3,Poor
10183,43.33,3,Poor
10184,33.33,3,Poor
10185,42.67,3,Poor
10186,46.67,3,Poor
10187,40.33,3,Poor
10190,38.0,3,Poor
10191,25.33,3,Poor
10192,42.0,3,Poor
10197,24.33,3,Poor
10198,48.67,3,Poor
10200,26.67,3,Poor
10201,49.67,3,Poor
10202,40.0,3,Poor
10203,47.33,3,Poor
10205,26.67,3,Poor
10206,38.67,3,Poor
10207,27.67,3,Poor
10209,48.0,3,Poor
10210,48.33,3,Poor
10211,33.0,3,Poor
10213,40.33,3,Poor
10214,35.33,3,Poor
10215,43.67,3,Poor
10216,24.67,3,Poor
10218,27.33,3,Poor
10220,42.0,3,Poor
